[0m01:23:43.783202 [debug] [MainThread]: Sending event: {'category': 'dbt', 'action': 'invocation', 'label': 'start', 'context': [<snowplow_tracker.self_describing_json.SelfDescribingJson object at 0x000001E9C62C65D0>, <snowplow_tracker.self_describing_json.SelfDescribingJson object at 0x000001E9C5770860>, <snowplow_tracker.self_describing_json.SelfDescribingJson object at 0x000001E9C5770E90>]}


============================== 01:23:43.787811 | 60a5ba5f-4cab-4060-8941-d7c9365395f7 ==============================
[0m01:23:43.787811 [info ] [MainThread]: Running with dbt=1.11.12
[0m01:23:43.787811 [debug] [MainThread]: running dbt with arguments {'version_check': 'True', 'no_print': 'None', 'static_parser': 'True', 'target_path': 'None', 'warn_error_options': 'WarnErrorOptionsV2(error=[], warn=[], silence=[])', 'printer_width': '80', 'write_json': 'True', 'empty': 'None', 'log_cache_events': 'False', 'introspect': 'True', 'cache_selected_only': 'False', 'fail_fast': 'False', 'debug': 'False', 'log_format': 'default', 'profiles_dir': 'C:\\Users\\shree\\.dbt', 'send_anonymous_usage_stats': 'True', 'quiet': 'False', 'warn_error': 'None', 'partial_parse': 'True', 'use_colors': 'True', 'indirect_selection': 'eager', 'invocation_command': 'dbt debug', 'use_experimental_parser': 'False', 'log_path': 'C:\\BFSI_Loan_Analytics\\dbt\\bfsi_dbt\\logs'}
[0m01:23:43.807971 [info ] [MainThread]: dbt version: 1.11.12
[0m01:23:43.807971 [info ] [MainThread]: python version: 3.12.13
[0m01:23:43.808977 [info ] [MainThread]: python path: C:\Users\shree\anaconda3\envs\bfsi-dbt\python.exe
[0m01:23:43.808977 [info ] [MainThread]: os info: Windows-11-10.0.26200-SP0
[0m01:23:44.628240 [info ] [MainThread]: Using profiles dir at C:\Users\shree\.dbt
[0m01:23:44.628240 [info ] [MainThread]: Using profiles.yml file at C:\Users\shree\.dbt\profiles.yml
[0m01:23:44.629242 [info ] [MainThread]: Using dbt_project.yml file at C:\BFSI_Loan_Analytics\dbt\bfsi_dbt\dbt_project.yml
[0m01:23:44.629242 [info ] [MainThread]: adapter type: bigquery
[0m01:23:44.629242 [info ] [MainThread]: adapter version: 1.11.3
[0m01:23:44.717238 [info ] [MainThread]: Configuration:
[0m01:23:44.718238 [info ] [MainThread]:   profiles.yml file [[32mOK found and valid[0m]
[0m01:23:44.718238 [info ] [MainThread]:   dbt_project.yml file [[32mOK found and valid[0m]
[0m01:23:44.719312 [info ] [MainThread]: Required dependencies:
[0m01:23:44.719312 [debug] [MainThread]: Executing "git --help"
[0m01:23:44.747411 [debug] [MainThread]: STDOUT: "b"usage: git [-v | --version] [-h | --help] [-C <path>] [-c <name>=<value>]\n           [--exec-path[=<path>]] [--html-path] [--man-path] [--info-path]\n           [-p | --paginate | -P | --no-pager] [--no-replace-objects] [--no-lazy-fetch]\n           [--no-optional-locks] [--no-advice] [--bare] [--git-dir=<path>]\n           [--work-tree=<path>] [--namespace=<name>] [--config-env=<name>=<envvar>]\n           <command> [<args>]\n\nThese are common Git commands used in various situations:\n\nstart a working area (see also: git help tutorial)\n   clone      Clone a repository into a new directory\n   init       Create an empty Git repository or reinitialize an existing one\n\nwork on the current change (see also: git help everyday)\n   add        Add file contents to the index\n   mv         Move or rename a file, a directory, or a symlink\n   restore    Restore working tree files\n   rm         Remove files from the working tree and from the index\n\nexamine the history and state (see also: git help revisions)\n   bisect     Use binary search to find the commit that introduced a bug\n   diff       Show changes between commits, commit and working tree, etc\n   grep       Print lines matching a pattern\n   log        Show commit logs\n   show       Show various types of objects\n   status     Show the working tree status\n\ngrow, mark and tweak your common history\n   backfill   Download missing objects in a partial clone\n   branch     List, create, or delete branches\n   commit     Record changes to the repository\n   history    EXPERIMENTAL: Rewrite history\n   merge      Join two or more development histories together\n   rebase     Reapply commits on top of another base tip\n   reset      Set `HEAD` or the index to a known state\n   switch     Switch branches\n   tag        Create, list, delete or verify tags\n\ncollaborate (see also: git help workflows)\n   fetch      Download objects and refs from another repository\n   pull       Fetch from and integrate with another repository or a local branch\n   push       Update remote refs along with associated objects\n\n'git help -a' and 'git help -g' list available subcommands and some\nconcept guides. See 'git help <command>' or 'git help <concept>'\nto read about a specific subcommand or concept.\nSee 'git help git' for an overview of the system.\n""
[0m01:23:44.747411 [debug] [MainThread]: STDERR: "b''"
[0m01:23:44.748420 [info ] [MainThread]:  - git [[32mOK found[0m]

[0m01:23:44.748420 [info ] [MainThread]: Connection:
[0m01:23:44.748420 [info ] [MainThread]:   method: oauth
[0m01:23:44.748420 [info ] [MainThread]:   database: bfsi-loan-analytics
[0m01:23:44.749411 [info ] [MainThread]:   execution_project: bfsi-loan-analytics
[0m01:23:44.749411 [info ] [MainThread]:   schema: bfsi_loans
[0m01:23:44.749411 [info ] [MainThread]:   location: US
[0m01:23:44.749411 [info ] [MainThread]:   priority: None
[0m01:23:44.749411 [info ] [MainThread]:   maximum_bytes_billed: None
[0m01:23:44.750418 [info ] [MainThread]:   impersonate_service_account: None
[0m01:23:44.750418 [info ] [MainThread]:   job_retry_deadline_seconds: None
[0m01:23:44.750418 [info ] [MainThread]:   job_retries: 1
[0m01:23:44.750418 [info ] [MainThread]:   job_creation_timeout_seconds: None
[0m01:23:44.751419 [info ] [MainThread]:   job_execution_timeout_seconds: 300
[0m01:23:44.751419 [info ] [MainThread]:   timeout_seconds: 300
[0m01:23:44.751419 [info ] [MainThread]:   client_id: None
[0m01:23:44.751419 [info ] [MainThread]:   token_uri: None
[0m01:23:44.751419 [info ] [MainThread]:   compute_region: None
[0m01:23:44.752413 [info ] [MainThread]:   dataproc_cluster_name: None
[0m01:23:44.752413 [info ] [MainThread]:   gcs_bucket: None
[0m01:23:44.752413 [info ] [MainThread]:   dataproc_batch: None
[0m01:23:44.753412 [info ] [MainThread]: Registered adapter: bigquery=1.11.3
[0m01:23:45.039222 [debug] [MainThread]: Acquiring new bigquery connection 'debug'
[0m01:23:45.040228 [debug] [MainThread]: On debug: select 1 as id
[0m01:23:45.040228 [debug] [MainThread]: Opening a new connection, currently in state init
[0m01:23:47.532443 [debug] [MainThread]: BigQuery adapter: https://console.cloud.google.com/bigquery?project=bfsi-loan-analytics&j=bq:US:ab4c41ea-79b4-4847-89db-c96bb76872d0&page=queryresults
[0m01:23:48.120725 [debug] [MainThread]: SQL status: OK in 0.588 seconds
[0m01:23:48.891884 [info ] [MainThread]:   Connection test: [[32mOK connection ok[0m]

[0m01:23:48.892887 [info ] [MainThread]: [32mAll checks passed![0m
[0m01:23:48.893886 [debug] [MainThread]: Command `dbt debug` succeeded at 01:23:48.893886 after 5.21 seconds
[0m01:23:48.893886 [debug] [MainThread]: Connection 'debug' was properly closed.
[0m01:23:48.893886 [debug] [MainThread]: Sending event: {'category': 'dbt', 'action': 'invocation', 'label': 'end', 'context': [<snowplow_tracker.self_describing_json.SelfDescribingJson object at 0x000001E9F44E30B0>, <snowplow_tracker.self_describing_json.SelfDescribingJson object at 0x000001E9C563F470>, <snowplow_tracker.self_describing_json.SelfDescribingJson object at 0x000001E9F4978650>]}
[0m01:23:48.894886 [debug] [MainThread]: Flushing usage events
[0m01:23:50.382477 [debug] [MainThread]: An error was encountered while trying to flush usage events
[0m01:24:04.487445 [debug] [MainThread]: Sending event: {'category': 'dbt', 'action': 'invocation', 'label': 'start', 'context': [<snowplow_tracker.self_describing_json.SelfDescribingJson object at 0x000001579FFC8140>, <snowplow_tracker.self_describing_json.SelfDescribingJson object at 0x00000157A2B831A0>, <snowplow_tracker.self_describing_json.SelfDescribingJson object at 0x00000157A2AD33E0>]}


============================== 01:24:04.491446 | 543fc98f-387f-4be8-8e98-1d75e8122bd5 ==============================
[0m01:24:04.491446 [info ] [MainThread]: Running with dbt=1.11.12
[0m01:24:04.492443 [debug] [MainThread]: running dbt with arguments {'version_check': 'True', 'no_print': 'None', 'static_parser': 'True', 'warn_error_options': 'WarnErrorOptionsV2(error=[], warn=[], silence=[])', 'target_path': 'None', 'printer_width': '80', 'write_json': 'True', 'introspect': 'True', 'log_cache_events': 'False', 'empty': 'False', 'cache_selected_only': 'False', 'fail_fast': 'False', 'debug': 'False', 'log_format': 'default', 'profiles_dir': 'C:\\Users\\shree\\.dbt', 'send_anonymous_usage_stats': 'True', 'quiet': 'False', 'warn_error': 'None', 'partial_parse': 'True', 'invocation_command': 'dbt build', 'use_colors': 'True', 'indirect_selection': 'eager', 'use_experimental_parser': 'False', 'log_path': 'C:\\BFSI_Loan_Analytics\\dbt\\bfsi_dbt\\logs'}
[0m01:24:05.379355 [debug] [MainThread]: Sending event: {'category': 'dbt', 'action': 'project_id', 'label': '543fc98f-387f-4be8-8e98-1d75e8122bd5', 'context': [<snowplow_tracker.self_describing_json.SelfDescribingJson object at 0x00000157D165ADE0>]}
[0m01:24:05.436352 [debug] [MainThread]: Sending event: {'category': 'dbt', 'action': 'adapter_info', 'label': '543fc98f-387f-4be8-8e98-1d75e8122bd5', 'context': [<snowplow_tracker.self_describing_json.SelfDescribingJson object at 0x00000157A46F0800>]}
[0m01:24:05.437351 [info ] [MainThread]: Registered adapter: bigquery=1.11.3
[0m01:24:05.677339 [debug] [MainThread]: checksum: f368f5348cf42803b94ef7fb8257ecf3bf9a9a16dd9c8c51fe5172f2dbeb457f, vars: {}, profile: , target: , version: 1.11.12
[0m01:24:05.678947 [info ] [MainThread]: Unable to do partial parsing because saved manifest not found. Starting full parse.
[0m01:24:05.678947 [debug] [MainThread]: Sending event: {'category': 'dbt', 'action': 'partial_parser', 'label': '543fc98f-387f-4be8-8e98-1d75e8122bd5', 'context': [<snowplow_tracker.self_describing_json.SelfDescribingJson object at 0x00000157D19F1CD0>]}
[0m01:24:06.865112 [warn ] [MainThread]: [[33mWARNING[0m][MissingArgumentsPropertyInGenericTestDeprecation]: Deprecated
functionality
Found top-level arguments to test `relationships` defined on 'fact_loans' in
package 'bfsi_dbt' (models\marts\schema.yml). Arguments to generic tests should
be nested under the `arguments` property.
[0m01:24:06.865112 [debug] [MainThread]: Sending event: {'category': 'dbt', 'action': 'deprecation', 'label': '543fc98f-387f-4be8-8e98-1d75e8122bd5', 'property_': 'warn', 'context': [<snowplow_tracker.self_describing_json.SelfDescribingJson object at 0x00000157D30ABCE0>]}
[0m01:24:07.053011 [debug] [MainThread]: Sending event: {'category': 'dbt', 'action': 'load_project', 'label': '543fc98f-387f-4be8-8e98-1d75e8122bd5', 'context': [<snowplow_tracker.self_describing_json.SelfDescribingJson object at 0x00000157D31DC350>]}
[0m01:24:07.132014 [debug] [MainThread]: Wrote artifact WritableManifest to C:\BFSI_Loan_Analytics\dbt\bfsi_dbt\target\manifest.json
[0m01:24:07.137955 [debug] [MainThread]: Wrote artifact SemanticManifest to C:\BFSI_Loan_Analytics\dbt\bfsi_dbt\target\semantic_manifest.json
[0m01:24:07.165893 [debug] [MainThread]: Sending event: {'category': 'dbt', 'action': 'resource_counts', 'label': '543fc98f-387f-4be8-8e98-1d75e8122bd5', 'context': [<snowplow_tracker.self_describing_json.SelfDescribingJson object at 0x00000157D320B020>]}
[0m01:24:07.166893 [info ] [MainThread]: Found 8 models, 37 data tests, 1 source, 553 macros
[0m01:24:07.169893 [info ] [MainThread]: 
[0m01:24:07.170891 [info ] [MainThread]: Concurrency: 4 threads (target='dev')
[0m01:24:07.170891 [info ] [MainThread]: 
[0m01:24:07.171894 [debug] [MainThread]: Acquiring new bigquery connection 'master'
[0m01:24:07.174893 [debug] [ThreadPool]: Acquiring new bigquery connection 'list_bfsi-loan-analytics'
[0m01:24:07.175894 [debug] [ThreadPool]: Opening a new connection, currently in state init
[0m01:24:07.175894 [debug] [ThreadPool]: Acquiring new bigquery connection 'list_bfsi-loan-analytics'
[0m01:24:07.176892 [debug] [ThreadPool]: Acquiring new bigquery connection 'list_bfsi-loan-analytics'
[0m01:24:07.176892 [debug] [ThreadPool]: Opening a new connection, currently in state init
[0m01:24:07.177958 [debug] [ThreadPool]: Opening a new connection, currently in state init
[0m01:24:08.981544 [debug] [ThreadPool]: Re-using an available connection from the pool (formerly list_bfsi-loan-analytics, now create_bfsi-loan-analytics_bfsi_loans_intermediate)
[0m01:24:08.982545 [debug] [ThreadPool]: Re-using an available connection from the pool (formerly list_bfsi-loan-analytics, now create_bfsi-loan-analytics_bfsi_loans_staging)
[0m01:24:08.982545 [debug] [ThreadPool]: Creating schema "database: "bfsi-loan-analytics"
schema: "bfsi_loans_intermediate"
"
[0m01:24:08.983543 [debug] [ThreadPool]: Creating schema "database: "bfsi-loan-analytics"
schema: "bfsi_loans_staging"
"
[0m01:24:08.990546 [debug] [ThreadPool]: On create_bfsi-loan-analytics_bfsi_loans_intermediate: /* {"app": "dbt", "dbt_version": "1.11.12", "profile_name": "bfsi_dbt", "target_name": "dev", "connection_name": "create_bfsi-loan-analytics_bfsi_loans_intermediate"} */
create schema if not exists `bfsi-loan-analytics`.`bfsi_loans_intermediate`
  
[0m01:24:08.992543 [debug] [ThreadPool]: On create_bfsi-loan-analytics_bfsi_loans_staging: /* {"app": "dbt", "dbt_version": "1.11.12", "profile_name": "bfsi_dbt", "target_name": "dev", "connection_name": "create_bfsi-loan-analytics_bfsi_loans_staging"} */
create schema if not exists `bfsi-loan-analytics`.`bfsi_loans_staging`
  
[0m01:24:08.992543 [debug] [ThreadPool]: Opening a new connection, currently in state closed
[0m01:24:08.992543 [debug] [ThreadPool]: Opening a new connection, currently in state closed
[0m01:24:09.891618 [debug] [ThreadPool]: BigQuery adapter: https://console.cloud.google.com/bigquery?project=bfsi-loan-analytics&j=bq:US:6c3d9d19-ab5e-467d-8907-37477536874f&page=queryresults
[0m01:24:10.097658 [debug] [ThreadPool]: BigQuery adapter: https://console.cloud.google.com/bigquery?project=bfsi-loan-analytics&j=bq:US:b632969d-267d-4b2d-8b58-9624e7d575e5&page=queryresults
[0m01:24:11.449147 [debug] [ThreadPool]: SQL status: OK in 1.557 seconds
[0m01:24:11.558421 [debug] [ThreadPool]: SQL status: OK in 1.460 seconds
[0m01:24:11.616424 [debug] [ThreadPool]: Acquiring new bigquery connection 'list_bfsi-loan-analytics_bfsi_loans_intermediate'
[0m01:24:11.617421 [debug] [ThreadPool]: Opening a new connection, currently in state init
[0m01:24:11.617421 [debug] [ThreadPool]: Acquiring new bigquery connection 'list_bfsi-loan-analytics_bfsi_loans_staging'
[0m01:24:11.618421 [debug] [ThreadPool]: Opening a new connection, currently in state init
[0m01:24:11.619424 [debug] [ThreadPool]: Acquiring new bigquery connection 'list_bfsi-loan-analytics_bfsi_loans'
[0m01:24:11.620420 [debug] [ThreadPool]: Opening a new connection, currently in state init
[0m01:24:12.468859 [debug] [MainThread]: Sending event: {'category': 'dbt', 'action': 'runnable_timing', 'label': '543fc98f-387f-4be8-8e98-1d75e8122bd5', 'context': [<snowplow_tracker.self_describing_json.SelfDescribingJson object at 0x00000157D32860C0>]}
[0m01:24:12.469859 [debug] [MainThread]: Opening a new connection, currently in state init
[0m01:24:12.475694 [debug] [Thread-1 (]: Began running node model.bfsi_dbt.stg_loans
[0m01:24:12.475694 [info ] [Thread-1 (]: 1 of 45 START sql view model bfsi_loans_staging.stg_loans ...................... [RUN]
[0m01:24:12.476694 [debug] [Thread-1 (]: Acquiring new bigquery connection 'model.bfsi_dbt.stg_loans'
[0m01:24:12.476694 [debug] [Thread-1 (]: Began compiling node model.bfsi_dbt.stg_loans
[0m01:24:12.482694 [debug] [Thread-1 (]: Writing injected SQL for node "model.bfsi_dbt.stg_loans"
[0m01:24:12.484693 [debug] [Thread-1 (]: Began executing node model.bfsi_dbt.stg_loans
[0m01:24:12.502695 [debug] [Thread-1 (]: Writing runtime sql for node "model.bfsi_dbt.stg_loans"
[0m01:24:12.504693 [debug] [Thread-1 (]: On model.bfsi_dbt.stg_loans: /* {"app": "dbt", "dbt_version": "1.11.12", "profile_name": "bfsi_dbt", "target_name": "dev", "node_id": "model.bfsi_dbt.stg_loans"} */


  create or replace view `bfsi-loan-analytics`.`bfsi_loans_staging`.`stg_loans`
  OPTIONS()
  as with source as (
    select * from `bfsi-loan-analytics`.`raw`.`raw_loans`
),

renamed as (
    select
        -- loan sizing
        loan_amnt,
        funded_amnt,
        funded_amnt_inv,
        CAST(term AS INT64)                                          as term,
        int_rate,
        installment,

        -- borrower profile
        grade,
        sub_grade,
        emp_length,
        home_ownership,
        annual_inc,
        verification_status,
        application_type,

        -- loan metadata
        SAFE.PARSE_DATE('%Y-%m-%d', issue_d)                        as issue_date,
        EXTRACT(YEAR FROM SAFE.PARSE_DATE('%Y-%m-%d', issue_d))     as issue_year,
        loan_status,
        purpose,
        addr_state,

        -- credit metrics
        dti,
        fico_range_low,
        fico_range_high,
        inq_last_6mths,
        open_acc,
        pub_rec,
        revol_bal,
        revol_util,
        total_acc,
        delinq_2yrs,

        -- payment performance
        out_prncp,
        total_pymnt,
        total_rec_prncp,
        total_rec_int,
        recoveries,
        last_pymnt_amnt,

        -- target variable (1 = default, 0 = non-default)
        CAST(loan_outcome AS INT64)                                  as loan_outcome,

        -- feature-engineered bands (lowercased from Python source)
        `DTIBand`      as dti_band,
        `IncomeBand`   as income_band,
        `LoanSizeBand` as loan_size_band,
        `RiskTier`     as risk_tier

    from source
)

select * from renamed;


[0m01:24:12.505695 [debug] [Thread-1 (]: Opening a new connection, currently in state init
[0m01:24:13.873386 [debug] [Thread-1 (]: BigQuery adapter: https://console.cloud.google.com/bigquery?project=bfsi-loan-analytics&j=bq:US:15429fbd-6864-46b7-8416-37c2ee47c2fb&page=queryresults
[0m01:24:14.341904 [error] [Thread-1 (]: BigQuery adapter: https://console.cloud.google.com/bigquery?project=bfsi-loan-analytics&j=bq:US:15429fbd-6864-46b7-8416-37c2ee47c2fb&page=queryresults
[0m01:24:14.356839 [debug] [Thread-1 (]: Database Error in model stg_loans (models\staging\stg_loans.sql)
  No matching signature for function PARSE_DATE
    Argument types: STRING, DATE
    Signature: PARSE_DATE(STRING, STRING)
      Argument 2: Unable to coerce type DATE to expected type STRING at [30:9]
  compiled code at target\run\bfsi_dbt\models\staging\stg_loans.sql
[0m01:24:14.358840 [debug] [Thread-1 (]: Sending event: {'category': 'dbt', 'action': 'run_model', 'label': '543fc98f-387f-4be8-8e98-1d75e8122bd5', 'context': [<snowplow_tracker.self_describing_json.SelfDescribingJson object at 0x00000157D315E570>]}
[0m01:24:14.359841 [error] [Thread-1 (]: 1 of 45 ERROR creating sql view model bfsi_loans_staging.stg_loans ............. [[31mERROR[0m in 1.88s]
[0m01:24:14.359841 [debug] [Thread-1 (]: Finished running node model.bfsi_dbt.stg_loans
[0m01:24:14.359841 [debug] [Thread-7 (]: Marking all children of 'model.bfsi_dbt.stg_loans' to be skipped because of status 'error'.  Reason: Database Error in model stg_loans (models\staging\stg_loans.sql)
  No matching signature for function PARSE_DATE
    Argument types: STRING, DATE
    Signature: PARSE_DATE(STRING, STRING)
      Argument 2: Unable to coerce type DATE to expected type STRING at [30:9]
  compiled code at target\run\bfsi_dbt\models\staging\stg_loans.sql.
[0m01:24:14.360845 [debug] [Thread-3 (]: Began running node model.bfsi_dbt.int_loans_enriched
[0m01:24:14.361843 [info ] [Thread-3 (]: 2 of 45 SKIP relation bfsi_loans_intermediate.int_loans_enriched ............... [[33mSKIP[0m]
[0m01:24:14.361843 [debug] [Thread-3 (]: Finished running node model.bfsi_dbt.int_loans_enriched
[0m01:24:14.361843 [debug] [Thread-7 (]: Marking all children of 'model.bfsi_dbt.int_loans_enriched' to be skipped because of status 'skipped'. 
[0m01:24:14.362842 [debug] [Thread-2 (]: Began running node model.bfsi_dbt.dim_dti_band
[0m01:24:14.362842 [debug] [Thread-1 (]: Began running node model.bfsi_dbt.dim_grade
[0m01:24:14.363843 [debug] [Thread-4 (]: Began running node model.bfsi_dbt.dim_income_band
[0m01:24:14.363843 [debug] [Thread-3 (]: Began running node model.bfsi_dbt.dim_purpose
[0m01:24:14.363843 [info ] [Thread-2 (]: 3 of 45 SKIP relation bfsi_loans.dim_dti_band .................................. [[33mSKIP[0m]
[0m01:24:14.364839 [info ] [Thread-1 (]: 4 of 45 SKIP relation bfsi_loans.dim_grade ..................................... [[33mSKIP[0m]
[0m01:24:14.365842 [debug] [Thread-2 (]: Finished running node model.bfsi_dbt.dim_dti_band
[0m01:24:14.364839 [info ] [Thread-4 (]: 5 of 45 SKIP relation bfsi_loans.dim_income_band ............................... [[33mSKIP[0m]
[0m01:24:14.365842 [debug] [Thread-1 (]: Finished running node model.bfsi_dbt.dim_grade
[0m01:24:14.364839 [info ] [Thread-3 (]: 6 of 45 SKIP relation bfsi_loans.dim_purpose ................................... [[33mSKIP[0m]
[0m01:24:14.365842 [debug] [Thread-2 (]: Began running node model.bfsi_dbt.dim_risk_tier
[0m01:24:14.366841 [debug] [Thread-7 (]: Marking all children of 'model.bfsi_dbt.dim_dti_band' to be skipped because of status 'skipped'. 
[0m01:24:14.366841 [debug] [Thread-4 (]: Finished running node model.bfsi_dbt.dim_income_band
[0m01:24:14.367843 [debug] [Thread-3 (]: Finished running node model.bfsi_dbt.dim_purpose
[0m01:24:14.367843 [debug] [Thread-7 (]: Marking all children of 'model.bfsi_dbt.dim_grade' to be skipped because of status 'skipped'. 
[0m01:24:14.367843 [info ] [Thread-2 (]: 7 of 45 SKIP relation bfsi_loans.dim_risk_tier ................................. [[33mSKIP[0m]
[0m01:24:14.368842 [debug] [Thread-1 (]: Began running node test.bfsi_dbt.not_null_dim_dti_band_dti_band.5fd7f8997d
[0m01:24:14.368842 [debug] [Thread-4 (]: Began running node test.bfsi_dbt.not_null_dim_dti_band_dti_band_id.8965dc3ffa
[0m01:24:14.368842 [debug] [Thread-3 (]: Began running node test.bfsi_dbt.unique_dim_dti_band_dti_band.d53638241d
[0m01:24:14.369844 [debug] [Thread-7 (]: Marking all children of 'model.bfsi_dbt.dim_income_band' to be skipped because of status 'skipped'. 
[0m01:24:14.369844 [debug] [Thread-2 (]: Finished running node model.bfsi_dbt.dim_risk_tier
[0m01:24:14.369844 [info ] [Thread-1 (]: 8 of 45 SKIP test not_null_dim_dti_band_dti_band ............................... [[33mSKIP[0m]
[0m01:24:14.370839 [info ] [Thread-4 (]: 9 of 45 SKIP test not_null_dim_dti_band_dti_band_id ............................ [[33mSKIP[0m]
[0m01:24:14.371839 [debug] [Thread-7 (]: Marking all children of 'model.bfsi_dbt.dim_purpose' to be skipped because of status 'skipped'. 
[0m01:24:14.370839 [info ] [Thread-3 (]: 10 of 45 SKIP test unique_dim_dti_band_dti_band ................................ [[33mSKIP[0m]
[0m01:24:14.371839 [debug] [Thread-2 (]: Began running node test.bfsi_dbt.unique_dim_dti_band_dti_band_id.e4e6620662
[0m01:24:14.371839 [debug] [Thread-1 (]: Finished running node test.bfsi_dbt.not_null_dim_dti_band_dti_band.5fd7f8997d
[0m01:24:14.372841 [debug] [Thread-4 (]: Finished running node test.bfsi_dbt.not_null_dim_dti_band_dti_band_id.8965dc3ffa
[0m01:24:14.372841 [debug] [Thread-7 (]: Marking all children of 'model.bfsi_dbt.dim_risk_tier' to be skipped because of status 'skipped'. 
[0m01:24:14.372841 [debug] [Thread-3 (]: Finished running node test.bfsi_dbt.unique_dim_dti_band_dti_band.d53638241d
[0m01:24:14.373841 [info ] [Thread-2 (]: 11 of 45 SKIP test unique_dim_dti_band_dti_band_id ............................. [[33mSKIP[0m]
[0m01:24:14.373841 [debug] [Thread-1 (]: Began running node test.bfsi_dbt.accepted_values_dim_grade_grade__A__B__C__D__E__F__G.d57c0d438a
[0m01:24:14.373841 [debug] [Thread-4 (]: Began running node test.bfsi_dbt.not_null_dim_grade_grade.6ae91a6431
[0m01:24:14.374841 [debug] [Thread-7 (]: Marking all children of 'test.bfsi_dbt.not_null_dim_dti_band_dti_band.5fd7f8997d' to be skipped because of status 'skipped'. 
[0m01:24:14.374841 [debug] [Thread-3 (]: Began running node test.bfsi_dbt.not_null_dim_grade_grade_id.04908aca39
[0m01:24:14.374841 [debug] [Thread-2 (]: Finished running node test.bfsi_dbt.unique_dim_dti_band_dti_band_id.e4e6620662
[0m01:24:14.375841 [info ] [Thread-1 (]: 12 of 45 SKIP test accepted_values_dim_grade_grade__A__B__C__D__E__F__G ........ [[33mSKIP[0m]
[0m01:24:14.375841 [debug] [Thread-7 (]: Marking all children of 'test.bfsi_dbt.not_null_dim_dti_band_dti_band_id.8965dc3ffa' to be skipped because of status 'skipped'. 
[0m01:24:14.375841 [info ] [Thread-4 (]: 13 of 45 SKIP test not_null_dim_grade_grade .................................... [[33mSKIP[0m]
[0m01:24:14.376839 [info ] [Thread-3 (]: 14 of 45 SKIP test not_null_dim_grade_grade_id ................................. [[33mSKIP[0m]
[0m01:24:14.376839 [debug] [Thread-2 (]: Began running node test.bfsi_dbt.unique_dim_grade_grade.a6bdc92675
[0m01:24:14.377841 [debug] [Thread-1 (]: Finished running node test.bfsi_dbt.accepted_values_dim_grade_grade__A__B__C__D__E__F__G.d57c0d438a
[0m01:24:14.377841 [debug] [Thread-7 (]: Marking all children of 'test.bfsi_dbt.unique_dim_dti_band_dti_band.d53638241d' to be skipped because of status 'skipped'. 
[0m01:24:14.377841 [debug] [Thread-4 (]: Finished running node test.bfsi_dbt.not_null_dim_grade_grade.6ae91a6431
[0m01:24:14.377841 [debug] [Thread-3 (]: Finished running node test.bfsi_dbt.not_null_dim_grade_grade_id.04908aca39
[0m01:24:14.378839 [debug] [Thread-1 (]: Began running node test.bfsi_dbt.unique_dim_grade_grade_id.dad7f28526
[0m01:24:14.378839 [info ] [Thread-2 (]: 15 of 45 SKIP test unique_dim_grade_grade ...................................... [[33mSKIP[0m]
[0m01:24:14.378839 [debug] [Thread-7 (]: Marking all children of 'test.bfsi_dbt.unique_dim_dti_band_dti_band_id.e4e6620662' to be skipped because of status 'skipped'. 
[0m01:24:14.379842 [debug] [Thread-4 (]: Began running node test.bfsi_dbt.not_null_dim_income_band_income_band.0a563ce45f
[0m01:24:14.379842 [debug] [Thread-3 (]: Began running node test.bfsi_dbt.not_null_dim_income_band_income_band_id.89b2cd84c2
[0m01:24:14.379842 [info ] [Thread-1 (]: 16 of 45 SKIP test unique_dim_grade_grade_id ................................... [[33mSKIP[0m]
[0m01:24:14.380839 [debug] [Thread-2 (]: Finished running node test.bfsi_dbt.unique_dim_grade_grade.a6bdc92675
[0m01:24:14.380839 [debug] [Thread-7 (]: Marking all children of 'test.bfsi_dbt.accepted_values_dim_grade_grade__A__B__C__D__E__F__G.d57c0d438a' to be skipped because of status 'skipped'. 
[0m01:24:14.380839 [info ] [Thread-4 (]: 17 of 45 SKIP test not_null_dim_income_band_income_band ........................ [[33mSKIP[0m]
[0m01:24:14.381840 [debug] [Thread-1 (]: Finished running node test.bfsi_dbt.unique_dim_grade_grade_id.dad7f28526
[0m01:24:14.381840 [info ] [Thread-3 (]: 18 of 45 SKIP test not_null_dim_income_band_income_band_id ..................... [[33mSKIP[0m]
[0m01:24:14.381840 [debug] [Thread-2 (]: Began running node test.bfsi_dbt.unique_dim_income_band_income_band.358c8bcadc
[0m01:24:14.382841 [debug] [Thread-7 (]: Marking all children of 'test.bfsi_dbt.not_null_dim_grade_grade.6ae91a6431' to be skipped because of status 'skipped'. 
[0m01:24:14.382841 [debug] [Thread-4 (]: Finished running node test.bfsi_dbt.not_null_dim_income_band_income_band.0a563ce45f
[0m01:24:14.382841 [debug] [Thread-1 (]: Began running node test.bfsi_dbt.unique_dim_income_band_income_band_id.fc2ea29730
[0m01:24:14.383844 [debug] [Thread-3 (]: Finished running node test.bfsi_dbt.not_null_dim_income_band_income_band_id.89b2cd84c2
[0m01:24:14.383844 [info ] [Thread-2 (]: 19 of 45 SKIP test unique_dim_income_band_income_band .......................... [[33mSKIP[0m]
[0m01:24:14.383844 [debug] [Thread-7 (]: Marking all children of 'test.bfsi_dbt.not_null_dim_grade_grade_id.04908aca39' to be skipped because of status 'skipped'. 
[0m01:24:14.384840 [debug] [Thread-4 (]: Began running node test.bfsi_dbt.not_null_dim_purpose_purpose.90961f688d
[0m01:24:14.384840 [info ] [Thread-1 (]: 20 of 45 SKIP test unique_dim_income_band_income_band_id ....................... [[33mSKIP[0m]
[0m01:24:14.384840 [debug] [Thread-3 (]: Began running node test.bfsi_dbt.not_null_dim_purpose_purpose_id.67ce3f80fa
[0m01:24:14.385841 [debug] [Thread-2 (]: Finished running node test.bfsi_dbt.unique_dim_income_band_income_band.358c8bcadc
[0m01:24:14.385841 [debug] [Thread-7 (]: Marking all children of 'test.bfsi_dbt.unique_dim_grade_grade.a6bdc92675' to be skipped because of status 'skipped'. 
[0m01:24:14.385841 [info ] [Thread-4 (]: 21 of 45 SKIP test not_null_dim_purpose_purpose ................................ [[33mSKIP[0m]
[0m01:24:14.386843 [debug] [Thread-1 (]: Finished running node test.bfsi_dbt.unique_dim_income_band_income_band_id.fc2ea29730
[0m01:24:14.386843 [info ] [Thread-3 (]: 22 of 45 SKIP test not_null_dim_purpose_purpose_id ............................. [[33mSKIP[0m]
[0m01:24:14.386843 [debug] [Thread-2 (]: Began running node test.bfsi_dbt.unique_dim_purpose_purpose.427cd41042
[0m01:24:14.387850 [debug] [Thread-7 (]: Marking all children of 'test.bfsi_dbt.unique_dim_grade_grade_id.dad7f28526' to be skipped because of status 'skipped'. 
[0m01:24:14.387850 [debug] [Thread-4 (]: Finished running node test.bfsi_dbt.not_null_dim_purpose_purpose.90961f688d
[0m01:24:14.387850 [debug] [Thread-1 (]: Began running node test.bfsi_dbt.unique_dim_purpose_purpose_id.bd2e5891ff
[0m01:24:14.388848 [debug] [Thread-3 (]: Finished running node test.bfsi_dbt.not_null_dim_purpose_purpose_id.67ce3f80fa
[0m01:24:14.388848 [info ] [Thread-2 (]: 23 of 45 SKIP test unique_dim_purpose_purpose .................................. [[33mSKIP[0m]
[0m01:24:14.388848 [debug] [Thread-7 (]: Marking all children of 'test.bfsi_dbt.not_null_dim_income_band_income_band.0a563ce45f' to be skipped because of status 'skipped'. 
[0m01:24:14.389848 [debug] [Thread-4 (]: Began running node test.bfsi_dbt.not_null_dim_risk_tier_risk_tier.761c793c66
[0m01:24:14.389848 [info ] [Thread-1 (]: 24 of 45 SKIP test unique_dim_purpose_purpose_id ............................... [[33mSKIP[0m]
[0m01:24:14.389848 [debug] [Thread-3 (]: Began running node test.bfsi_dbt.not_null_dim_risk_tier_risk_tier_id.7b9dcebed0
[0m01:24:14.389848 [debug] [Thread-2 (]: Finished running node test.bfsi_dbt.unique_dim_purpose_purpose.427cd41042
[0m01:24:14.390847 [debug] [Thread-7 (]: Marking all children of 'test.bfsi_dbt.not_null_dim_income_band_income_band_id.89b2cd84c2' to be skipped because of status 'skipped'. 
[0m01:24:14.390847 [debug] [Thread-1 (]: Finished running node test.bfsi_dbt.unique_dim_purpose_purpose_id.bd2e5891ff
[0m01:24:14.390847 [info ] [Thread-4 (]: 25 of 45 SKIP test not_null_dim_risk_tier_risk_tier ............................ [[33mSKIP[0m]
[0m01:24:14.391847 [debug] [Thread-2 (]: Began running node test.bfsi_dbt.unique_dim_risk_tier_risk_tier.6ea245a468
[0m01:24:14.391847 [info ] [Thread-3 (]: 26 of 45 SKIP test not_null_dim_risk_tier_risk_tier_id ......................... [[33mSKIP[0m]
[0m01:24:14.391847 [debug] [Thread-7 (]: Marking all children of 'test.bfsi_dbt.unique_dim_income_band_income_band.358c8bcadc' to be skipped because of status 'skipped'. 
[0m01:24:14.392847 [debug] [Thread-1 (]: Began running node test.bfsi_dbt.unique_dim_risk_tier_risk_tier_id.d2afda1e3a
[0m01:24:14.392847 [debug] [Thread-4 (]: Finished running node test.bfsi_dbt.not_null_dim_risk_tier_risk_tier.761c793c66
[0m01:24:14.392847 [info ] [Thread-2 (]: 27 of 45 SKIP test unique_dim_risk_tier_risk_tier .............................. [[33mSKIP[0m]
[0m01:24:14.393846 [debug] [Thread-3 (]: Finished running node test.bfsi_dbt.not_null_dim_risk_tier_risk_tier_id.7b9dcebed0
[0m01:24:14.393846 [debug] [Thread-7 (]: Marking all children of 'test.bfsi_dbt.unique_dim_income_band_income_band_id.fc2ea29730' to be skipped because of status 'skipped'. 
[0m01:24:14.394845 [debug] [Thread-2 (]: Finished running node test.bfsi_dbt.unique_dim_risk_tier_risk_tier.6ea245a468
[0m01:24:14.393846 [info ] [Thread-1 (]: 28 of 45 SKIP test unique_dim_risk_tier_risk_tier_id ........................... [[33mSKIP[0m]
[0m01:24:14.394845 [debug] [Thread-7 (]: Marking all children of 'test.bfsi_dbt.not_null_dim_purpose_purpose.90961f688d' to be skipped because of status 'skipped'. 
[0m01:24:14.395846 [debug] [Thread-1 (]: Finished running node test.bfsi_dbt.unique_dim_risk_tier_risk_tier_id.d2afda1e3a
[0m01:24:14.395846 [debug] [Thread-7 (]: Marking all children of 'test.bfsi_dbt.not_null_dim_purpose_purpose_id.67ce3f80fa' to be skipped because of status 'skipped'. 
[0m01:24:14.395846 [debug] [Thread-7 (]: Marking all children of 'test.bfsi_dbt.unique_dim_purpose_purpose.427cd41042' to be skipped because of status 'skipped'. 
[0m01:24:14.395846 [debug] [Thread-7 (]: Marking all children of 'test.bfsi_dbt.unique_dim_purpose_purpose_id.bd2e5891ff' to be skipped because of status 'skipped'. 
[0m01:24:14.396845 [debug] [Thread-7 (]: Marking all children of 'test.bfsi_dbt.not_null_dim_risk_tier_risk_tier.761c793c66' to be skipped because of status 'skipped'. 
[0m01:24:14.396845 [debug] [Thread-7 (]: Marking all children of 'test.bfsi_dbt.not_null_dim_risk_tier_risk_tier_id.7b9dcebed0' to be skipped because of status 'skipped'. 
[0m01:24:14.396845 [debug] [Thread-7 (]: Marking all children of 'test.bfsi_dbt.unique_dim_risk_tier_risk_tier.6ea245a468' to be skipped because of status 'skipped'. 
[0m01:24:14.396845 [debug] [Thread-7 (]: Marking all children of 'test.bfsi_dbt.unique_dim_risk_tier_risk_tier_id.d2afda1e3a' to be skipped because of status 'skipped'. 
[0m01:24:14.397844 [debug] [Thread-4 (]: Began running node model.bfsi_dbt.fact_loans
[0m01:24:14.398843 [info ] [Thread-4 (]: 29 of 45 SKIP relation bfsi_loans.fact_loans ................................... [[33mSKIP[0m]
[0m01:24:14.398843 [debug] [Thread-4 (]: Finished running node model.bfsi_dbt.fact_loans
[0m01:24:14.398843 [debug] [Thread-7 (]: Marking all children of 'model.bfsi_dbt.fact_loans' to be skipped because of status 'skipped'. 
[0m01:24:14.400170 [debug] [Thread-2 (]: Began running node test.bfsi_dbt.accepted_values_fact_loans_loan_outcome__0__1.3677ffabd2
[0m01:24:14.400170 [debug] [Thread-1 (]: Began running node test.bfsi_dbt.not_null_fact_loans_dti_band_id.7bcc8a0259
[0m01:24:14.401182 [debug] [Thread-3 (]: Began running node test.bfsi_dbt.not_null_fact_loans_grade_id.0abfb01b62
[0m01:24:14.402177 [debug] [Thread-4 (]: Began running node test.bfsi_dbt.not_null_fact_loans_income_band_id.72e92102bb
[0m01:24:14.401182 [info ] [Thread-2 (]: 30 of 45 SKIP test accepted_values_fact_loans_loan_outcome__0__1 ............... [[33mSKIP[0m]
[0m01:24:14.402177 [info ] [Thread-1 (]: 31 of 45 SKIP test not_null_fact_loans_dti_band_id ............................. [[33mSKIP[0m]
[0m01:24:14.404181 [debug] [Thread-2 (]: Finished running node test.bfsi_dbt.accepted_values_fact_loans_loan_outcome__0__1.3677ffabd2
[0m01:24:14.403180 [info ] [Thread-3 (]: 32 of 45 SKIP test not_null_fact_loans_grade_id ................................ [[33mSKIP[0m]
[0m01:24:14.404181 [debug] [Thread-1 (]: Finished running node test.bfsi_dbt.not_null_fact_loans_dti_band_id.7bcc8a0259
[0m01:24:14.403180 [info ] [Thread-4 (]: 33 of 45 SKIP test not_null_fact_loans_income_band_id .......................... [[33mSKIP[0m]
[0m01:24:14.404181 [debug] [Thread-2 (]: Began running node test.bfsi_dbt.not_null_fact_loans_issue_year.891a0d74e6
[0m01:24:14.405180 [debug] [Thread-7 (]: Marking all children of 'test.bfsi_dbt.accepted_values_fact_loans_loan_outcome__0__1.3677ffabd2' to be skipped because of status 'skipped'. 
[0m01:24:14.405180 [debug] [Thread-3 (]: Finished running node test.bfsi_dbt.not_null_fact_loans_grade_id.0abfb01b62
[0m01:24:14.405180 [debug] [Thread-1 (]: Began running node test.bfsi_dbt.not_null_fact_loans_loan_amnt.db699070a2
[0m01:24:14.406180 [debug] [Thread-4 (]: Finished running node test.bfsi_dbt.not_null_fact_loans_income_band_id.72e92102bb
[0m01:24:14.406180 [debug] [Thread-7 (]: Marking all children of 'test.bfsi_dbt.not_null_fact_loans_dti_band_id.7bcc8a0259' to be skipped because of status 'skipped'. 
[0m01:24:14.406180 [info ] [Thread-2 (]: 34 of 45 SKIP test not_null_fact_loans_issue_year .............................. [[33mSKIP[0m]
[0m01:24:14.407180 [debug] [Thread-3 (]: Began running node test.bfsi_dbt.not_null_fact_loans_loan_id.fbdba74499
[0m01:24:14.407180 [info ] [Thread-1 (]: 35 of 45 SKIP test not_null_fact_loans_loan_amnt ............................... [[33mSKIP[0m]
[0m01:24:14.407180 [debug] [Thread-4 (]: Began running node test.bfsi_dbt.not_null_fact_loans_loan_outcome.5bc3379909
[0m01:24:14.408180 [debug] [Thread-7 (]: Marking all children of 'test.bfsi_dbt.not_null_fact_loans_grade_id.0abfb01b62' to be skipped because of status 'skipped'. 
[0m01:24:14.408180 [debug] [Thread-2 (]: Finished running node test.bfsi_dbt.not_null_fact_loans_issue_year.891a0d74e6
[0m01:24:14.408180 [info ] [Thread-3 (]: 36 of 45 SKIP test not_null_fact_loans_loan_id ................................. [[33mSKIP[0m]
[0m01:24:14.409176 [debug] [Thread-1 (]: Finished running node test.bfsi_dbt.not_null_fact_loans_loan_amnt.db699070a2
[0m01:24:14.409176 [debug] [Thread-7 (]: Marking all children of 'test.bfsi_dbt.not_null_fact_loans_income_band_id.72e92102bb' to be skipped because of status 'skipped'. 
[0m01:24:14.409176 [info ] [Thread-4 (]: 37 of 45 SKIP test not_null_fact_loans_loan_outcome ............................ [[33mSKIP[0m]
[0m01:24:14.410178 [debug] [Thread-2 (]: Began running node test.bfsi_dbt.not_null_fact_loans_purpose_id.94f2995640
[0m01:24:14.410178 [debug] [Thread-3 (]: Finished running node test.bfsi_dbt.not_null_fact_loans_loan_id.fbdba74499
[0m01:24:14.410178 [debug] [Thread-1 (]: Began running node test.bfsi_dbt.not_null_fact_loans_risk_tier_id.aa8b86caf7
[0m01:24:14.411176 [debug] [Thread-7 (]: Marking all children of 'test.bfsi_dbt.not_null_fact_loans_issue_year.891a0d74e6' to be skipped because of status 'skipped'. 
[0m01:24:14.411176 [debug] [Thread-4 (]: Finished running node test.bfsi_dbt.not_null_fact_loans_loan_outcome.5bc3379909
[0m01:24:14.411176 [info ] [Thread-2 (]: 38 of 45 SKIP test not_null_fact_loans_purpose_id .............................. [[33mSKIP[0m]
[0m01:24:14.412176 [debug] [Thread-3 (]: Began running node test.bfsi_dbt.relationships_fact_loans_dti_band_id__dti_band_id__ref_dim_dti_band_.f6c3bc0c15
[0m01:24:14.412176 [debug] [Thread-7 (]: Marking all children of 'test.bfsi_dbt.not_null_fact_loans_loan_amnt.db699070a2' to be skipped because of status 'skipped'. 
[0m01:24:14.412176 [info ] [Thread-1 (]: 39 of 45 SKIP test not_null_fact_loans_risk_tier_id ............................ [[33mSKIP[0m]
[0m01:24:14.413177 [debug] [Thread-4 (]: Began running node test.bfsi_dbt.relationships_fact_loans_grade_id__grade_id__ref_dim_grade_.9808f2e746
[0m01:24:14.413177 [debug] [Thread-2 (]: Finished running node test.bfsi_dbt.not_null_fact_loans_purpose_id.94f2995640
[0m01:24:14.413177 [info ] [Thread-3 (]: 40 of 45 SKIP test relationships_fact_loans_dti_band_id__dti_band_id__ref_dim_dti_band_  [[33mSKIP[0m]
[0m01:24:14.414177 [debug] [Thread-7 (]: Marking all children of 'test.bfsi_dbt.not_null_fact_loans_loan_id.fbdba74499' to be skipped because of status 'skipped'. 
[0m01:24:14.414177 [debug] [Thread-1 (]: Finished running node test.bfsi_dbt.not_null_fact_loans_risk_tier_id.aa8b86caf7
[0m01:24:14.415180 [info ] [Thread-4 (]: 41 of 45 SKIP test relationships_fact_loans_grade_id__grade_id__ref_dim_grade_ . [[33mSKIP[0m]
[0m01:24:14.415180 [debug] [Thread-2 (]: Began running node test.bfsi_dbt.relationships_fact_loans_income_band_id__income_band_id__ref_dim_income_band_.3347da5957
[0m01:24:14.415180 [debug] [Thread-3 (]: Finished running node test.bfsi_dbt.relationships_fact_loans_dti_band_id__dti_band_id__ref_dim_dti_band_.f6c3bc0c15
[0m01:24:14.416177 [debug] [Thread-7 (]: Marking all children of 'test.bfsi_dbt.not_null_fact_loans_loan_outcome.5bc3379909' to be skipped because of status 'skipped'. 
[0m01:24:14.416177 [debug] [Thread-1 (]: Began running node test.bfsi_dbt.relationships_fact_loans_purpose_id__purpose_id__ref_dim_purpose_.08dc62b0cb
[0m01:24:14.416177 [debug] [Thread-4 (]: Finished running node test.bfsi_dbt.relationships_fact_loans_grade_id__grade_id__ref_dim_grade_.9808f2e746
[0m01:24:14.417175 [info ] [Thread-2 (]: 42 of 45 SKIP test relationships_fact_loans_income_band_id__income_band_id__ref_dim_income_band_  [[33mSKIP[0m]
[0m01:24:14.417175 [debug] [Thread-3 (]: Began running node test.bfsi_dbt.relationships_fact_loans_risk_tier_id__risk_tier_id__ref_dim_risk_tier_.41ecc4ba67
[0m01:24:14.417175 [debug] [Thread-7 (]: Marking all children of 'test.bfsi_dbt.not_null_fact_loans_purpose_id.94f2995640' to be skipped because of status 'skipped'. 
[0m01:24:14.418176 [debug] [Thread-4 (]: Began running node test.bfsi_dbt.unique_fact_loans_loan_id.ee368852c4
[0m01:24:14.418176 [info ] [Thread-1 (]: 43 of 45 SKIP test relationships_fact_loans_purpose_id__purpose_id__ref_dim_purpose_  [[33mSKIP[0m]
[0m01:24:14.418176 [debug] [Thread-2 (]: Finished running node test.bfsi_dbt.relationships_fact_loans_income_band_id__income_band_id__ref_dim_income_band_.3347da5957
[0m01:24:14.419175 [debug] [Thread-7 (]: Marking all children of 'test.bfsi_dbt.not_null_fact_loans_risk_tier_id.aa8b86caf7' to be skipped because of status 'skipped'. 
[0m01:24:14.419175 [info ] [Thread-3 (]: 44 of 45 SKIP test relationships_fact_loans_risk_tier_id__risk_tier_id__ref_dim_risk_tier_  [[33mSKIP[0m]
[0m01:24:14.419175 [info ] [Thread-4 (]: 45 of 45 SKIP test unique_fact_loans_loan_id ................................... [[33mSKIP[0m]
[0m01:24:14.420176 [debug] [Thread-1 (]: Finished running node test.bfsi_dbt.relationships_fact_loans_purpose_id__purpose_id__ref_dim_purpose_.08dc62b0cb
[0m01:24:14.420176 [debug] [Thread-7 (]: Marking all children of 'test.bfsi_dbt.relationships_fact_loans_dti_band_id__dti_band_id__ref_dim_dti_band_.f6c3bc0c15' to be skipped because of status 'skipped'. 
[0m01:24:14.420176 [debug] [Thread-3 (]: Finished running node test.bfsi_dbt.relationships_fact_loans_risk_tier_id__risk_tier_id__ref_dim_risk_tier_.41ecc4ba67
[0m01:24:14.421175 [debug] [Thread-4 (]: Finished running node test.bfsi_dbt.unique_fact_loans_loan_id.ee368852c4
[0m01:24:14.421175 [debug] [Thread-7 (]: Marking all children of 'test.bfsi_dbt.relationships_fact_loans_grade_id__grade_id__ref_dim_grade_.9808f2e746' to be skipped because of status 'skipped'. 
[0m01:24:14.421175 [debug] [Thread-7 (]: Marking all children of 'test.bfsi_dbt.relationships_fact_loans_income_band_id__income_band_id__ref_dim_income_band_.3347da5957' to be skipped because of status 'skipped'. 
[0m01:24:14.422175 [debug] [Thread-7 (]: Marking all children of 'test.bfsi_dbt.relationships_fact_loans_purpose_id__purpose_id__ref_dim_purpose_.08dc62b0cb' to be skipped because of status 'skipped'. 
[0m01:24:14.422175 [debug] [Thread-7 (]: Marking all children of 'test.bfsi_dbt.relationships_fact_loans_risk_tier_id__risk_tier_id__ref_dim_risk_tier_.41ecc4ba67' to be skipped because of status 'skipped'. 
[0m01:24:14.422175 [debug] [Thread-7 (]: Marking all children of 'test.bfsi_dbt.unique_fact_loans_loan_id.ee368852c4' to be skipped because of status 'skipped'. 
[0m01:24:14.423177 [debug] [MainThread]: Opening a new connection, currently in state closed
[0m01:24:14.424179 [debug] [MainThread]: Connection 'master' was properly closed.
[0m01:24:14.424179 [debug] [MainThread]: Connection 'create_bfsi-loan-analytics_bfsi_loans_intermediate' was properly closed.
[0m01:24:14.424179 [debug] [MainThread]: Connection 'create_bfsi-loan-analytics_bfsi_loans_staging' was properly closed.
[0m01:24:14.424179 [debug] [MainThread]: Connection 'list_bfsi-loan-analytics' was properly closed.
[0m01:24:14.425176 [debug] [MainThread]: Connection 'list_bfsi-loan-analytics_bfsi_loans_intermediate' was properly closed.
[0m01:24:14.425176 [debug] [MainThread]: Connection 'list_bfsi-loan-analytics_bfsi_loans_staging' was properly closed.
[0m01:24:14.425176 [debug] [MainThread]: Connection 'list_bfsi-loan-analytics_bfsi_loans' was properly closed.
[0m01:24:14.425176 [debug] [MainThread]: Connection 'model.bfsi_dbt.stg_loans' was properly closed.
[0m01:24:14.425176 [info ] [MainThread]: 
[0m01:24:14.426176 [info ] [MainThread]: Finished running 7 table models, 37 data tests, 1 view model in 0 hours 0 minutes and 7.25 seconds (7.25s).
[0m01:24:14.427175 [debug] [MainThread]: Command end result
[0m01:24:14.456603 [debug] [MainThread]: Wrote artifact WritableManifest to C:\BFSI_Loan_Analytics\dbt\bfsi_dbt\target\manifest.json
[0m01:24:14.459604 [debug] [MainThread]: Wrote artifact SemanticManifest to C:\BFSI_Loan_Analytics\dbt\bfsi_dbt\target\semantic_manifest.json
[0m01:24:14.466607 [debug] [MainThread]: Wrote artifact RunExecutionResult to C:\BFSI_Loan_Analytics\dbt\bfsi_dbt\target\run_results.json
[0m01:24:14.466607 [info ] [MainThread]: 
[0m01:24:14.466607 [info ] [MainThread]: [31mCompleted with 1 error, 0 partial successes, and 0 warnings:[0m
[0m01:24:14.467610 [info ] [MainThread]: 
[0m01:24:14.467610 [error] [MainThread]: [31mFailure in model stg_loans (models\staging\stg_loans.sql)[0m
[0m01:24:14.467610 [error] [MainThread]:   Database Error in model stg_loans (models\staging\stg_loans.sql)
  No matching signature for function PARSE_DATE
    Argument types: STRING, DATE
    Signature: PARSE_DATE(STRING, STRING)
      Argument 2: Unable to coerce type DATE to expected type STRING at [30:9]
  compiled code at target\run\bfsi_dbt\models\staging\stg_loans.sql
[0m01:24:14.468607 [info ] [MainThread]: 
[0m01:24:14.468607 [info ] [MainThread]:   compiled code at target\compiled\bfsi_dbt\models\staging\stg_loans.sql
[0m01:24:14.468607 [info ] [MainThread]: 
[0m01:24:14.468607 [info ] [MainThread]: Done. PASS=0 WARN=0 ERROR=1 SKIP=44 NO-OP=0 TOTAL=45
[0m01:24:14.469604 [warn ] [MainThread]: [[33mWARNING[0m][DeprecationsSummary]: Deprecated functionality
Summary of encountered deprecations:
- MissingArgumentsPropertyInGenericTestDeprecation: 7 occurrences
To see all deprecation instances instead of just the first occurrence of each,
run command again with the `--show-all-deprecations` flag. You may also need to
run with `--no-partial-parse` as some deprecations are only encountered during
parsing.
[0m01:24:14.470603 [debug] [MainThread]: Command `dbt build` failed at 01:24:14.469604 after 10.09 seconds
[0m01:24:14.470603 [debug] [MainThread]: Sending event: {'category': 'dbt', 'action': 'invocation', 'label': 'end', 'context': [<snowplow_tracker.self_describing_json.SelfDescribingJson object at 0x00000157A2C56630>, <snowplow_tracker.self_describing_json.SelfDescribingJson object at 0x00000157A32B5460>, <snowplow_tracker.self_describing_json.SelfDescribingJson object at 0x00000157A099B260>]}
[0m01:24:14.470603 [debug] [MainThread]: Flushing usage events
[0m01:24:15.951460 [debug] [MainThread]: An error was encountered while trying to flush usage events
[0m01:25:00.509292 [debug] [MainThread]: Sending event: {'category': 'dbt', 'action': 'invocation', 'label': 'start', 'context': [<snowplow_tracker.self_describing_json.SelfDescribingJson object at 0x000001AAB35CC200>, <snowplow_tracker.self_describing_json.SelfDescribingJson object at 0x000001AAB22C8D10>, <snowplow_tracker.self_describing_json.SelfDescribingJson object at 0x000001AAB35CDA30>]}


============================== 01:25:00.513294 | 93f86b1a-90f1-4149-8530-bd7105f2361c ==============================
[0m01:25:00.513294 [info ] [MainThread]: Running with dbt=1.11.12
[0m01:25:00.514294 [debug] [MainThread]: running dbt with arguments {'version_check': 'True', 'no_print': 'None', 'static_parser': 'True', 'warn_error_options': 'WarnErrorOptionsV2(error=[], warn=[], silence=[])', 'target_path': 'None', 'printer_width': '80', 'write_json': 'True', 'introspect': 'True', 'log_cache_events': 'False', 'empty': 'False', 'cache_selected_only': 'False', 'fail_fast': 'False', 'debug': 'False', 'log_format': 'default', 'profiles_dir': 'C:\\Users\\shree\\.dbt', 'send_anonymous_usage_stats': 'True', 'quiet': 'False', 'warn_error': 'None', 'partial_parse': 'True', 'indirect_selection': 'eager', 'invocation_command': 'dbt build', 'use_colors': 'True', 'use_experimental_parser': 'False', 'log_path': 'C:\\BFSI_Loan_Analytics\\dbt\\bfsi_dbt\\logs'}
[0m01:25:01.398131 [debug] [MainThread]: Sending event: {'category': 'dbt', 'action': 'project_id', 'label': '93f86b1a-90f1-4149-8530-bd7105f2361c', 'context': [<snowplow_tracker.self_describing_json.SelfDescribingJson object at 0x000001AAE1739F70>]}
[0m01:25:01.454132 [debug] [MainThread]: Sending event: {'category': 'dbt', 'action': 'adapter_info', 'label': '93f86b1a-90f1-4149-8530-bd7105f2361c', 'context': [<snowplow_tracker.self_describing_json.SelfDescribingJson object at 0x000001AAE19A33B0>]}
[0m01:25:01.455132 [info ] [MainThread]: Registered adapter: bigquery=1.11.3
[0m01:25:01.685344 [debug] [MainThread]: checksum: f368f5348cf42803b94ef7fb8257ecf3bf9a9a16dd9c8c51fe5172f2dbeb457f, vars: {}, profile: , target: , version: 1.11.12
[0m01:25:01.921608 [debug] [MainThread]: Partial parsing enabled: 0 files deleted, 0 files added, 2 files changed.
[0m01:25:01.922608 [debug] [MainThread]: Partial parsing: updated file: bfsi_dbt://models\marts\schema.yml
[0m01:25:01.923608 [debug] [MainThread]: Partial parsing: updated file: bfsi_dbt://models\staging\stg_loans.sql
[0m01:25:02.122998 [debug] [MainThread]: Sending event: {'category': 'dbt', 'action': 'experimental_parser', 'label': '93f86b1a-90f1-4149-8530-bd7105f2361c', 'context': [<snowplow_tracker.self_describing_json.SelfDescribingJson object at 0x000001AAE2039820>]}
[0m01:25:02.294998 [warn ] [MainThread]: [[33mWARNING[0m][MissingArgumentsPropertyInGenericTestDeprecation]: Deprecated
functionality
Found top-level arguments to test `accepted_values` defined on 'fact_loans' in
package 'bfsi_dbt' (models\marts\schema.yml). Arguments to generic tests should
be nested under the `arguments` property.
[0m01:25:02.295998 [debug] [MainThread]: Sending event: {'category': 'dbt', 'action': 'deprecation', 'label': '93f86b1a-90f1-4149-8530-bd7105f2361c', 'property_': 'warn', 'context': [<snowplow_tracker.self_describing_json.SelfDescribingJson object at 0x000001AAE1F238C0>]}
[0m01:25:02.360728 [debug] [MainThread]: Sending event: {'category': 'dbt', 'action': 'load_project', 'label': '93f86b1a-90f1-4149-8530-bd7105f2361c', 'context': [<snowplow_tracker.self_describing_json.SelfDescribingJson object at 0x000001AAE31899D0>]}
[0m01:25:02.440935 [debug] [MainThread]: Wrote artifact WritableManifest to C:\BFSI_Loan_Analytics\dbt\bfsi_dbt\target\manifest.json
[0m01:25:02.443935 [debug] [MainThread]: Wrote artifact SemanticManifest to C:\BFSI_Loan_Analytics\dbt\bfsi_dbt\target\semantic_manifest.json
[0m01:25:02.469388 [debug] [MainThread]: Sending event: {'category': 'dbt', 'action': 'resource_counts', 'label': '93f86b1a-90f1-4149-8530-bd7105f2361c', 'context': [<snowplow_tracker.self_describing_json.SelfDescribingJson object at 0x000001AAE3217E00>]}
[0m01:25:02.469388 [info ] [MainThread]: Found 8 models, 37 data tests, 1 source, 553 macros
[0m01:25:02.473796 [info ] [MainThread]: 
[0m01:25:02.473796 [info ] [MainThread]: Concurrency: 4 threads (target='dev')
[0m01:25:02.473796 [info ] [MainThread]: 
[0m01:25:02.474789 [debug] [MainThread]: Acquiring new bigquery connection 'master'
[0m01:25:02.477784 [debug] [ThreadPool]: Acquiring new bigquery connection 'list_bfsi-loan-analytics'
[0m01:25:02.478784 [debug] [ThreadPool]: Opening a new connection, currently in state init
[0m01:25:02.478784 [debug] [ThreadPool]: Acquiring new bigquery connection 'list_bfsi-loan-analytics'
[0m01:25:02.479784 [debug] [ThreadPool]: Opening a new connection, currently in state init
[0m01:25:02.479784 [debug] [ThreadPool]: Acquiring new bigquery connection 'list_bfsi-loan-analytics'
[0m01:25:02.479784 [debug] [ThreadPool]: Opening a new connection, currently in state init
[0m01:25:03.901442 [debug] [ThreadPool]: Acquiring new bigquery connection 'list_bfsi-loan-analytics_bfsi_loans_intermediate'
[0m01:25:03.901442 [debug] [ThreadPool]: Opening a new connection, currently in state init
[0m01:25:03.902443 [debug] [ThreadPool]: Acquiring new bigquery connection 'list_bfsi-loan-analytics_bfsi_loans_staging'
[0m01:25:03.903444 [debug] [ThreadPool]: Acquiring new bigquery connection 'list_bfsi-loan-analytics_bfsi_loans'
[0m01:25:03.903444 [debug] [ThreadPool]: Opening a new connection, currently in state init
[0m01:25:03.904444 [debug] [ThreadPool]: Opening a new connection, currently in state init
[0m01:25:04.732159 [debug] [MainThread]: Sending event: {'category': 'dbt', 'action': 'runnable_timing', 'label': '93f86b1a-90f1-4149-8530-bd7105f2361c', 'context': [<snowplow_tracker.self_describing_json.SelfDescribingJson object at 0x000001AAE2038AD0>]}
[0m01:25:04.733158 [debug] [MainThread]: Opening a new connection, currently in state init
[0m01:25:04.736347 [debug] [Thread-1 (]: Began running node model.bfsi_dbt.stg_loans
[0m01:25:04.737348 [info ] [Thread-1 (]: 1 of 45 START sql view model bfsi_loans_staging.stg_loans ...................... [RUN]
[0m01:25:04.737348 [debug] [Thread-1 (]: Acquiring new bigquery connection 'model.bfsi_dbt.stg_loans'
[0m01:25:04.738346 [debug] [Thread-1 (]: Began compiling node model.bfsi_dbt.stg_loans
[0m01:25:04.744347 [debug] [Thread-1 (]: Writing injected SQL for node "model.bfsi_dbt.stg_loans"
[0m01:25:04.744347 [debug] [Thread-1 (]: Began executing node model.bfsi_dbt.stg_loans
[0m01:25:04.768348 [debug] [Thread-1 (]: Writing runtime sql for node "model.bfsi_dbt.stg_loans"
[0m01:25:04.769347 [debug] [Thread-1 (]: On model.bfsi_dbt.stg_loans: /* {"app": "dbt", "dbt_version": "1.11.12", "profile_name": "bfsi_dbt", "target_name": "dev", "node_id": "model.bfsi_dbt.stg_loans"} */


  create or replace view `bfsi-loan-analytics`.`bfsi_loans_staging`.`stg_loans`
  OPTIONS()
  as with source as (
    select * from `bfsi-loan-analytics`.`raw`.`raw_loans`
),

renamed as (
    select
        -- loan sizing
        loan_amnt,
        funded_amnt,
        funded_amnt_inv,
        CAST(term AS INT64)                                          as term,
        int_rate,
        installment,

        -- borrower profile
        grade,
        sub_grade,
        emp_length,
        home_ownership,
        annual_inc,
        verification_status,
        application_type,

        -- loan metadata
        issue_d                                                      as issue_date,
        EXTRACT(YEAR FROM issue_d)                                   as issue_year,
        loan_status,
        purpose,
        addr_state,

        -- credit metrics
        dti,
        fico_range_low,
        fico_range_high,
        inq_last_6mths,
        open_acc,
        pub_rec,
        revol_bal,
        revol_util,
        total_acc,
        delinq_2yrs,

        -- payment performance
        out_prncp,
        total_pymnt,
        total_rec_prncp,
        total_rec_int,
        recoveries,
        last_pymnt_amnt,

        -- target variable (1 = default, 0 = non-default)
        CAST(loan_outcome AS INT64)                                  as loan_outcome,

        -- feature-engineered bands (lowercased from Python source)
        `DTIBand`      as dti_band,
        `IncomeBand`   as income_band,
        `LoanSizeBand` as loan_size_band,
        `RiskTier`     as risk_tier

    from source
)

select * from renamed;


[0m01:25:04.770347 [debug] [Thread-1 (]: Opening a new connection, currently in state init
[0m01:25:05.957212 [debug] [Thread-1 (]: BigQuery adapter: https://console.cloud.google.com/bigquery?project=bfsi-loan-analytics&j=bq:US:51d58550-1831-4b88-99ef-8e0aa99e19ec&page=queryresults
[0m01:25:07.088450 [debug] [Thread-1 (]: SQL status: OK in 1.131 seconds
[0m01:25:07.272223 [debug] [Thread-1 (]: Sending event: {'category': 'dbt', 'action': 'run_model', 'label': '93f86b1a-90f1-4149-8530-bd7105f2361c', 'context': [<snowplow_tracker.self_describing_json.SelfDescribingJson object at 0x000001AAE17FBF50>]}
[0m01:25:07.272223 [info ] [Thread-1 (]: 1 of 45 OK created sql view model bfsi_loans_staging.stg_loans ................. [[32mCREATE VIEW (0 processed)[0m in 2.53s]
[0m01:25:07.273231 [debug] [Thread-1 (]: Finished running node model.bfsi_dbt.stg_loans
[0m01:25:07.274231 [debug] [Thread-3 (]: Began running node model.bfsi_dbt.int_loans_enriched
[0m01:25:07.274231 [info ] [Thread-3 (]: 2 of 45 START sql table model bfsi_loans_intermediate.int_loans_enriched ....... [RUN]
[0m01:25:07.275230 [debug] [Thread-3 (]: Acquiring new bigquery connection 'model.bfsi_dbt.int_loans_enriched'
[0m01:25:07.275230 [debug] [Thread-3 (]: Began compiling node model.bfsi_dbt.int_loans_enriched
[0m01:25:07.277230 [debug] [Thread-3 (]: Writing injected SQL for node "model.bfsi_dbt.int_loans_enriched"
[0m01:25:07.278230 [debug] [Thread-3 (]: Began executing node model.bfsi_dbt.int_loans_enriched
[0m01:25:07.305644 [debug] [Thread-3 (]: Writing runtime sql for node "model.bfsi_dbt.int_loans_enriched"
[0m01:25:07.306643 [debug] [Thread-3 (]: On model.bfsi_dbt.int_loans_enriched: /* {"app": "dbt", "dbt_version": "1.11.12", "profile_name": "bfsi_dbt", "target_name": "dev", "node_id": "model.bfsi_dbt.int_loans_enriched"} */

  
    

    create or replace table `bfsi-loan-analytics`.`bfsi_loans_intermediate`.`int_loans_enriched`
      
    
    

    
    OPTIONS()
    as (
      -- Adds a stable integer surrogate key (loan_id) to every staging row.
-- Materialised as a table so all six mart models scan this once, not six times.
with staged as (
    select * from `bfsi-loan-analytics`.`bfsi_loans_staging`.`stg_loans`
)

select
    ROW_NUMBER() OVER ()  as loan_id,
    *
from staged
    );
  
[0m01:25:07.307933 [debug] [Thread-3 (]: Opening a new connection, currently in state init
[0m01:25:08.806990 [debug] [Thread-3 (]: BigQuery adapter: https://console.cloud.google.com/bigquery?project=bfsi-loan-analytics&j=bq:US:bfb5bbb8-f824-4996-b9fd-84fb2696a7e0&page=queryresults
[0m01:25:12.979834 [debug] [Thread-3 (]: SQL status: OK in 4.172 seconds
[0m01:25:13.694619 [debug] [Thread-3 (]: Sending event: {'category': 'dbt', 'action': 'run_model', 'label': '93f86b1a-90f1-4149-8530-bd7105f2361c', 'context': [<snowplow_tracker.self_describing_json.SelfDescribingJson object at 0x000001AAE3A88FB0>]}
[0m01:25:13.695621 [info ] [Thread-3 (]: 2 of 45 OK created sql table model bfsi_loans_intermediate.int_loans_enriched .. [[32mCREATE TABLE (1.3m rows, 398.7 MiB processed)[0m in 6.42s]
[0m01:25:13.696620 [debug] [Thread-3 (]: Finished running node model.bfsi_dbt.int_loans_enriched
[0m01:25:13.697619 [debug] [Thread-2 (]: Began running node model.bfsi_dbt.dim_dti_band
[0m01:25:13.698622 [info ] [Thread-2 (]: 3 of 45 START sql table model bfsi_loans.dim_dti_band .......................... [RUN]
[0m01:25:13.698622 [debug] [Thread-1 (]: Began running node model.bfsi_dbt.dim_grade
[0m01:25:13.699619 [debug] [Thread-2 (]: Acquiring new bigquery connection 'model.bfsi_dbt.dim_dti_band'
[0m01:25:13.699619 [debug] [Thread-4 (]: Began running node model.bfsi_dbt.dim_income_band
[0m01:25:13.699619 [info ] [Thread-1 (]: 4 of 45 START sql table model bfsi_loans.dim_grade ............................. [RUN]
[0m01:25:13.701621 [debug] [Thread-3 (]: Began running node model.bfsi_dbt.dim_purpose
[0m01:25:13.701621 [debug] [Thread-2 (]: Began compiling node model.bfsi_dbt.dim_dti_band
[0m01:25:13.701621 [info ] [Thread-4 (]: 5 of 45 START sql table model bfsi_loans.dim_income_band ....................... [RUN]
[0m01:25:13.701621 [debug] [Thread-1 (]: Re-using an available connection from the pool (formerly model.bfsi_dbt.stg_loans, now model.bfsi_dbt.dim_grade)
[0m01:25:13.703001 [info ] [Thread-3 (]: 6 of 45 START sql table model bfsi_loans.dim_purpose ........................... [RUN]
[0m01:25:13.705010 [debug] [Thread-2 (]: Writing injected SQL for node "model.bfsi_dbt.dim_dti_band"
[0m01:25:13.706009 [debug] [Thread-4 (]: Acquiring new bigquery connection 'model.bfsi_dbt.dim_income_band'
[0m01:25:13.706009 [debug] [Thread-1 (]: Began compiling node model.bfsi_dbt.dim_grade
[0m01:25:13.706009 [debug] [Thread-3 (]: Re-using an available connection from the pool (formerly model.bfsi_dbt.int_loans_enriched, now model.bfsi_dbt.dim_purpose)
[0m01:25:13.706009 [debug] [Thread-4 (]: Began compiling node model.bfsi_dbt.dim_income_band
[0m01:25:13.709010 [debug] [Thread-1 (]: Writing injected SQL for node "model.bfsi_dbt.dim_grade"
[0m01:25:13.709010 [debug] [Thread-3 (]: Began compiling node model.bfsi_dbt.dim_purpose
[0m01:25:13.711009 [debug] [Thread-4 (]: Writing injected SQL for node "model.bfsi_dbt.dim_income_band"
[0m01:25:13.713008 [debug] [Thread-3 (]: Writing injected SQL for node "model.bfsi_dbt.dim_purpose"
[0m01:25:13.714010 [debug] [Thread-2 (]: Began executing node model.bfsi_dbt.dim_dti_band
[0m01:25:13.716008 [debug] [Thread-2 (]: Writing runtime sql for node "model.bfsi_dbt.dim_dti_band"
[0m01:25:13.717008 [debug] [Thread-1 (]: Began executing node model.bfsi_dbt.dim_grade
[0m01:25:13.718069 [debug] [Thread-4 (]: Began executing node model.bfsi_dbt.dim_income_band
[0m01:25:13.718069 [debug] [Thread-3 (]: Began executing node model.bfsi_dbt.dim_purpose
[0m01:25:13.720118 [debug] [Thread-1 (]: Writing runtime sql for node "model.bfsi_dbt.dim_grade"
[0m01:25:13.722116 [debug] [Thread-4 (]: Writing runtime sql for node "model.bfsi_dbt.dim_income_band"
[0m01:25:13.724115 [debug] [Thread-3 (]: Writing runtime sql for node "model.bfsi_dbt.dim_purpose"
[0m01:25:13.724115 [debug] [Thread-2 (]: On model.bfsi_dbt.dim_dti_band: /* {"app": "dbt", "dbt_version": "1.11.12", "profile_name": "bfsi_dbt", "target_name": "dev", "node_id": "model.bfsi_dbt.dim_dti_band"} */

  
    

    create or replace table `bfsi-loan-analytics`.`bfsi_loans`.`dim_dti_band`
      
    
    

    
    OPTIONS()
    as (
      with dti_bands as (
    select distinct dti_band
    from `bfsi-loan-analytics`.`bfsi_loans_intermediate`.`int_loans_enriched`
)

select
    ROW_NUMBER() OVER (ORDER BY dti_band)  as dti_band_id,
    dti_band
from dti_bands
order by dti_band
    );
  
[0m01:25:13.725114 [debug] [Thread-2 (]: Opening a new connection, currently in state init
[0m01:25:13.727117 [debug] [Thread-1 (]: On model.bfsi_dbt.dim_grade: /* {"app": "dbt", "dbt_version": "1.11.12", "profile_name": "bfsi_dbt", "target_name": "dev", "node_id": "model.bfsi_dbt.dim_grade"} */

  
    

    create or replace table `bfsi-loan-analytics`.`bfsi_loans`.`dim_grade`
      
    
    

    
    OPTIONS()
    as (
      with grades as (
    select distinct grade
    from `bfsi-loan-analytics`.`bfsi_loans_intermediate`.`int_loans_enriched`
)

select
    ROW_NUMBER() OVER (ORDER BY grade)  as grade_id,
    grade
from grades
order by grade
    );
  
[0m01:25:13.727117 [debug] [Thread-1 (]: Opening a new connection, currently in state closed
[0m01:25:13.727117 [debug] [Thread-3 (]: On model.bfsi_dbt.dim_purpose: /* {"app": "dbt", "dbt_version": "1.11.12", "profile_name": "bfsi_dbt", "target_name": "dev", "node_id": "model.bfsi_dbt.dim_purpose"} */

  
    

    create or replace table `bfsi-loan-analytics`.`bfsi_loans`.`dim_purpose`
      
    
    

    
    OPTIONS()
    as (
      with purposes as (
    select distinct purpose
    from `bfsi-loan-analytics`.`bfsi_loans_intermediate`.`int_loans_enriched`
)

select
    ROW_NUMBER() OVER (ORDER BY purpose)  as purpose_id,
    purpose
from purposes
order by purpose
    );
  
[0m01:25:13.728379 [debug] [Thread-3 (]: Opening a new connection, currently in state closed
[0m01:25:13.728379 [debug] [Thread-4 (]: On model.bfsi_dbt.dim_income_band: /* {"app": "dbt", "dbt_version": "1.11.12", "profile_name": "bfsi_dbt", "target_name": "dev", "node_id": "model.bfsi_dbt.dim_income_band"} */

  
    

    create or replace table `bfsi-loan-analytics`.`bfsi_loans`.`dim_income_band`
      
    
    

    
    OPTIONS()
    as (
      with income_bands as (
    select distinct income_band
    from `bfsi-loan-analytics`.`bfsi_loans_intermediate`.`int_loans_enriched`
)

select
    ROW_NUMBER() OVER (ORDER BY income_band)  as income_band_id,
    income_band
from income_bands
order by income_band
    );
  
[0m01:25:13.730384 [debug] [Thread-4 (]: Opening a new connection, currently in state init
[0m01:25:14.909911 [debug] [Thread-3 (]: BigQuery adapter: https://console.cloud.google.com/bigquery?project=bfsi-loan-analytics&j=bq:US:e97a9e33-c0cc-4265-b50e-82699eea2940&page=queryresults
[0m01:25:14.920372 [debug] [Thread-2 (]: BigQuery adapter: https://console.cloud.google.com/bigquery?project=bfsi-loan-analytics&j=bq:US:f1a67eca-578b-4323-af55-e8fd3bde37ec&page=queryresults
[0m01:25:14.929369 [debug] [Thread-1 (]: BigQuery adapter: https://console.cloud.google.com/bigquery?project=bfsi-loan-analytics&j=bq:US:9b529877-e82d-4af3-a8ad-d623d84d8430&page=queryresults
[0m01:25:15.052892 [debug] [Thread-4 (]: BigQuery adapter: https://console.cloud.google.com/bigquery?project=bfsi-loan-analytics&j=bq:US:3696960c-faf5-4d58-95e0-521d0bf3770c&page=queryresults
[0m01:25:16.889612 [debug] [Thread-4 (]: SQL status: OK in 1.836 seconds
[0m01:25:16.971496 [debug] [Thread-3 (]: SQL status: OK in 2.061 seconds
[0m01:25:16.990532 [debug] [Thread-1 (]: SQL status: OK in 2.061 seconds
[0m01:25:17.351893 [debug] [Thread-4 (]: Sending event: {'category': 'dbt', 'action': 'run_model', 'label': '93f86b1a-90f1-4149-8530-bd7105f2361c', 'context': [<snowplow_tracker.self_describing_json.SelfDescribingJson object at 0x000001AAE3B85250>]}
[0m01:25:17.352889 [info ] [Thread-4 (]: 5 of 45 OK created sql table model bfsi_loans.dim_income_band .................. [[32mCREATE TABLE (4.0 rows, 9.6 MiB processed)[0m in 3.65s]
[0m01:25:17.352889 [debug] [Thread-4 (]: Finished running node model.bfsi_dbt.dim_income_band
[0m01:25:17.353890 [debug] [Thread-4 (]: Began running node model.bfsi_dbt.dim_risk_tier
[0m01:25:17.353890 [info ] [Thread-4 (]: 7 of 45 START sql table model bfsi_loans.dim_risk_tier ......................... [RUN]
[0m01:25:17.354890 [debug] [Thread-4 (]: Re-using an available connection from the pool (formerly model.bfsi_dbt.dim_income_band, now model.bfsi_dbt.dim_risk_tier)
[0m01:25:17.354890 [debug] [Thread-4 (]: Began compiling node model.bfsi_dbt.dim_risk_tier
[0m01:25:17.445508 [debug] [Thread-4 (]: Writing injected SQL for node "model.bfsi_dbt.dim_risk_tier"
[0m01:25:17.446507 [debug] [Thread-3 (]: Sending event: {'category': 'dbt', 'action': 'run_model', 'label': '93f86b1a-90f1-4149-8530-bd7105f2361c', 'context': [<snowplow_tracker.self_describing_json.SelfDescribingJson object at 0x000001AAE1908110>]}
[0m01:25:17.447507 [info ] [Thread-3 (]: 6 of 45 OK created sql table model bfsi_loans.dim_purpose ...................... [[32mCREATE TABLE (14.0 rows, 21.7 MiB processed)[0m in 3.74s]
[0m01:25:17.448510 [debug] [Thread-3 (]: Finished running node model.bfsi_dbt.dim_purpose
[0m01:25:17.449509 [debug] [Thread-3 (]: Began running node test.bfsi_dbt.not_null_dim_income_band_income_band.0a563ce45f
[0m01:25:17.449509 [info ] [Thread-3 (]: 8 of 45 START test not_null_dim_income_band_income_band ........................ [RUN]
[0m01:25:17.450508 [debug] [Thread-4 (]: Began executing node model.bfsi_dbt.dim_risk_tier
[0m01:25:17.450508 [debug] [Thread-3 (]: Re-using an available connection from the pool (formerly model.bfsi_dbt.dim_purpose, now test.bfsi_dbt.not_null_dim_income_band_income_band.0a563ce45f)
[0m01:25:17.453508 [debug] [Thread-4 (]: Writing runtime sql for node "model.bfsi_dbt.dim_risk_tier"
[0m01:25:17.453508 [debug] [Thread-3 (]: Began compiling node test.bfsi_dbt.not_null_dim_income_band_income_band.0a563ce45f
[0m01:25:17.460507 [debug] [Thread-3 (]: Writing injected SQL for node "test.bfsi_dbt.not_null_dim_income_band_income_band.0a563ce45f"
[0m01:25:17.460507 [debug] [Thread-4 (]: On model.bfsi_dbt.dim_risk_tier: /* {"app": "dbt", "dbt_version": "1.11.12", "profile_name": "bfsi_dbt", "target_name": "dev", "node_id": "model.bfsi_dbt.dim_risk_tier"} */

  
    

    create or replace table `bfsi-loan-analytics`.`bfsi_loans`.`dim_risk_tier`
      
    
    

    
    OPTIONS()
    as (
      with risk_tiers as (
    select distinct risk_tier
    from `bfsi-loan-analytics`.`bfsi_loans_intermediate`.`int_loans_enriched`
)

select
    ROW_NUMBER() OVER (ORDER BY risk_tier)  as risk_tier_id,
    risk_tier
from risk_tiers
order by risk_tier
    );
  
[0m01:25:17.461509 [debug] [Thread-4 (]: Opening a new connection, currently in state closed
[0m01:25:17.462506 [debug] [Thread-3 (]: Began executing node test.bfsi_dbt.not_null_dim_income_band_income_band.0a563ce45f
[0m01:25:17.476506 [debug] [Thread-3 (]: Writing runtime sql for node "test.bfsi_dbt.not_null_dim_income_band_income_band.0a563ce45f"
[0m01:25:17.477508 [debug] [Thread-3 (]: On test.bfsi_dbt.not_null_dim_income_band_income_band.0a563ce45f: /* {"app": "dbt", "dbt_version": "1.11.12", "profile_name": "bfsi_dbt", "target_name": "dev", "node_id": "test.bfsi_dbt.not_null_dim_income_band_income_band.0a563ce45f"} */

    
    select
      count(*) as failures,
      count(*) != 0 as should_warn,
      count(*) != 0 as should_error
    from (
      
    
  
    
    



select income_band
from `bfsi-loan-analytics`.`bfsi_loans`.`dim_income_band`
where income_band is null



  
  
      
    ) dbt_internal_test
[0m01:25:17.477508 [debug] [Thread-3 (]: Opening a new connection, currently in state closed
[0m01:25:17.542781 [debug] [Thread-1 (]: Sending event: {'category': 'dbt', 'action': 'run_model', 'label': '93f86b1a-90f1-4149-8530-bd7105f2361c', 'context': [<snowplow_tracker.self_describing_json.SelfDescribingJson object at 0x000001AAE1FF3D70>]}
[0m01:25:17.542781 [info ] [Thread-1 (]: 4 of 45 OK created sql table model bfsi_loans.dim_grade ........................ [[32mCREATE TABLE (7.0 rows, 3.8 MiB processed)[0m in 3.84s]
[0m01:25:17.543780 [debug] [Thread-1 (]: Finished running node model.bfsi_dbt.dim_grade
[0m01:25:17.543780 [debug] [Thread-1 (]: Began running node test.bfsi_dbt.not_null_dim_income_band_income_band_id.89b2cd84c2
[0m01:25:17.543780 [info ] [Thread-1 (]: 9 of 45 START test not_null_dim_income_band_income_band_id ..................... [RUN]
[0m01:25:17.544778 [debug] [Thread-1 (]: Re-using an available connection from the pool (formerly model.bfsi_dbt.dim_grade, now test.bfsi_dbt.not_null_dim_income_band_income_band_id.89b2cd84c2)
[0m01:25:17.544778 [debug] [Thread-1 (]: Began compiling node test.bfsi_dbt.not_null_dim_income_band_income_band_id.89b2cd84c2
[0m01:25:17.548781 [debug] [Thread-1 (]: Writing injected SQL for node "test.bfsi_dbt.not_null_dim_income_band_income_band_id.89b2cd84c2"
[0m01:25:17.548781 [debug] [Thread-1 (]: Began executing node test.bfsi_dbt.not_null_dim_income_band_income_band_id.89b2cd84c2
[0m01:25:17.551438 [debug] [Thread-1 (]: Writing runtime sql for node "test.bfsi_dbt.not_null_dim_income_band_income_band_id.89b2cd84c2"
[0m01:25:17.551438 [debug] [Thread-1 (]: On test.bfsi_dbt.not_null_dim_income_band_income_band_id.89b2cd84c2: /* {"app": "dbt", "dbt_version": "1.11.12", "profile_name": "bfsi_dbt", "target_name": "dev", "node_id": "test.bfsi_dbt.not_null_dim_income_band_income_band_id.89b2cd84c2"} */

    
    select
      count(*) as failures,
      count(*) != 0 as should_warn,
      count(*) != 0 as should_error
    from (
      
    
  
    
    



select income_band_id
from `bfsi-loan-analytics`.`bfsi_loans`.`dim_income_band`
where income_band_id is null



  
  
      
    ) dbt_internal_test
[0m01:25:17.552689 [debug] [Thread-1 (]: Opening a new connection, currently in state closed
[0m01:25:17.851571 [debug] [Thread-2 (]: SQL status: OK in 2.930 seconds
[0m01:25:18.307910 [debug] [Thread-2 (]: Sending event: {'category': 'dbt', 'action': 'run_model', 'label': '93f86b1a-90f1-4149-8530-bd7105f2361c', 'context': [<snowplow_tracker.self_describing_json.SelfDescribingJson object at 0x000001AAE3B4CBC0>]}
[0m01:25:18.308910 [info ] [Thread-2 (]: 3 of 45 OK created sql table model bfsi_loans.dim_dti_band ..................... [[32mCREATE TABLE (5.0 rows, 8.2 MiB processed)[0m in 4.61s]
[0m01:25:18.308910 [debug] [Thread-2 (]: Finished running node model.bfsi_dbt.dim_dti_band
[0m01:25:18.309910 [debug] [Thread-2 (]: Began running node test.bfsi_dbt.unique_dim_income_band_income_band.358c8bcadc
[0m01:25:18.309910 [info ] [Thread-2 (]: 10 of 45 START test unique_dim_income_band_income_band ......................... [RUN]
[0m01:25:18.309910 [debug] [Thread-2 (]: Re-using an available connection from the pool (formerly model.bfsi_dbt.dim_dti_band, now test.bfsi_dbt.unique_dim_income_band_income_band.358c8bcadc)
[0m01:25:18.310913 [debug] [Thread-2 (]: Began compiling node test.bfsi_dbt.unique_dim_income_band_income_band.358c8bcadc
[0m01:25:18.315914 [debug] [Thread-2 (]: Writing injected SQL for node "test.bfsi_dbt.unique_dim_income_band_income_band.358c8bcadc"
[0m01:25:18.317914 [debug] [Thread-2 (]: Began executing node test.bfsi_dbt.unique_dim_income_band_income_band.358c8bcadc
[0m01:25:18.318914 [debug] [Thread-2 (]: Writing runtime sql for node "test.bfsi_dbt.unique_dim_income_band_income_band.358c8bcadc"
[0m01:25:18.320329 [debug] [Thread-2 (]: On test.bfsi_dbt.unique_dim_income_band_income_band.358c8bcadc: /* {"app": "dbt", "dbt_version": "1.11.12", "profile_name": "bfsi_dbt", "target_name": "dev", "node_id": "test.bfsi_dbt.unique_dim_income_band_income_band.358c8bcadc"} */

    
    select
      count(*) as failures,
      count(*) != 0 as should_warn,
      count(*) != 0 as should_error
    from (
      
    
  
    
    

with dbt_test__target as (

  select income_band as unique_field
  from `bfsi-loan-analytics`.`bfsi_loans`.`dim_income_band`
  where income_band is not null

)

select
    unique_field,
    count(*) as n_records

from dbt_test__target
group by unique_field
having count(*) > 1



  
  
      
    ) dbt_internal_test
[0m01:25:18.320329 [debug] [Thread-2 (]: Opening a new connection, currently in state closed
[0m01:25:18.504142 [debug] [Thread-4 (]: BigQuery adapter: https://console.cloud.google.com/bigquery?project=bfsi-loan-analytics&j=bq:US:1eb3b5e5-94d6-4bb5-9a62-b3bdabc5215d&page=queryresults
[0m01:25:18.620821 [debug] [Thread-3 (]: BigQuery adapter: https://console.cloud.google.com/bigquery?project=bfsi-loan-analytics&j=bq:US:15abc55e-83a8-4aa9-9370-dbc501fdce6e&page=queryresults
[0m01:25:18.716470 [debug] [Thread-1 (]: BigQuery adapter: https://console.cloud.google.com/bigquery?project=bfsi-loan-analytics&j=bq:US:7ab34a2d-79e7-45f9-900f-f64ebe50fffe&page=queryresults
[0m01:25:19.151265 [debug] [Thread-3 (]: SQL status: OK in 0.529 seconds
[0m01:25:19.254771 [debug] [Thread-1 (]: SQL status: OK in 0.537 seconds
[0m01:25:19.486990 [debug] [Thread-2 (]: BigQuery adapter: https://console.cloud.google.com/bigquery?project=bfsi-loan-analytics&j=bq:US:de6dc71e-fa4e-4168-8096-1ef30145d5e6&page=queryresults
[0m01:25:20.176409 [debug] [Thread-2 (]: SQL status: OK in 0.688 seconds
[0m01:25:20.259390 [info ] [Thread-1 (]: 9 of 45 PASS not_null_dim_income_band_income_band_id ........................... [[32mPASS[0m in 2.71s]
[0m01:25:20.260389 [debug] [Thread-1 (]: Finished running node test.bfsi_dbt.not_null_dim_income_band_income_band_id.89b2cd84c2
[0m01:25:20.260389 [debug] [Thread-1 (]: Began running node test.bfsi_dbt.unique_dim_income_band_income_band_id.fc2ea29730
[0m01:25:20.260389 [info ] [Thread-1 (]: 11 of 45 START test unique_dim_income_band_income_band_id ...................... [RUN]
[0m01:25:20.261385 [debug] [Thread-1 (]: Re-using an available connection from the pool (formerly test.bfsi_dbt.not_null_dim_income_band_income_band_id.89b2cd84c2, now test.bfsi_dbt.unique_dim_income_band_income_band_id.fc2ea29730)
[0m01:25:20.261385 [debug] [Thread-1 (]: Began compiling node test.bfsi_dbt.unique_dim_income_band_income_band_id.fc2ea29730
[0m01:25:20.265386 [debug] [Thread-1 (]: Writing injected SQL for node "test.bfsi_dbt.unique_dim_income_band_income_band_id.fc2ea29730"
[0m01:25:20.266382 [debug] [Thread-1 (]: Began executing node test.bfsi_dbt.unique_dim_income_band_income_band_id.fc2ea29730
[0m01:25:20.268387 [debug] [Thread-1 (]: Writing runtime sql for node "test.bfsi_dbt.unique_dim_income_band_income_band_id.fc2ea29730"
[0m01:25:20.269387 [debug] [Thread-1 (]: On test.bfsi_dbt.unique_dim_income_band_income_band_id.fc2ea29730: /* {"app": "dbt", "dbt_version": "1.11.12", "profile_name": "bfsi_dbt", "target_name": "dev", "node_id": "test.bfsi_dbt.unique_dim_income_band_income_band_id.fc2ea29730"} */

    
    select
      count(*) as failures,
      count(*) != 0 as should_warn,
      count(*) != 0 as should_error
    from (
      
    
  
    
    

with dbt_test__target as (

  select income_band_id as unique_field
  from `bfsi-loan-analytics`.`bfsi_loans`.`dim_income_band`
  where income_band_id is not null

)

select
    unique_field,
    count(*) as n_records

from dbt_test__target
group by unique_field
having count(*) > 1



  
  
      
    ) dbt_internal_test
[0m01:25:20.269387 [debug] [Thread-1 (]: Opening a new connection, currently in state closed
[0m01:25:20.628041 [info ] [Thread-3 (]: 8 of 45 PASS not_null_dim_income_band_income_band .............................. [[32mPASS[0m in 3.18s]
[0m01:25:20.629041 [debug] [Thread-3 (]: Finished running node test.bfsi_dbt.not_null_dim_income_band_income_band.0a563ce45f
[0m01:25:20.629041 [debug] [Thread-3 (]: Began running node test.bfsi_dbt.not_null_dim_purpose_purpose.90961f688d
[0m01:25:20.629041 [info ] [Thread-3 (]: 12 of 45 START test not_null_dim_purpose_purpose ............................... [RUN]
[0m01:25:20.630045 [debug] [Thread-3 (]: Re-using an available connection from the pool (formerly test.bfsi_dbt.not_null_dim_income_band_income_band.0a563ce45f, now test.bfsi_dbt.not_null_dim_purpose_purpose.90961f688d)
[0m01:25:20.630045 [debug] [Thread-3 (]: Began compiling node test.bfsi_dbt.not_null_dim_purpose_purpose.90961f688d
[0m01:25:20.634043 [debug] [Thread-3 (]: Writing injected SQL for node "test.bfsi_dbt.not_null_dim_purpose_purpose.90961f688d"
[0m01:25:20.635041 [debug] [Thread-3 (]: Began executing node test.bfsi_dbt.not_null_dim_purpose_purpose.90961f688d
[0m01:25:20.637046 [debug] [Thread-3 (]: Writing runtime sql for node "test.bfsi_dbt.not_null_dim_purpose_purpose.90961f688d"
[0m01:25:20.637046 [debug] [Thread-3 (]: On test.bfsi_dbt.not_null_dim_purpose_purpose.90961f688d: /* {"app": "dbt", "dbt_version": "1.11.12", "profile_name": "bfsi_dbt", "target_name": "dev", "node_id": "test.bfsi_dbt.not_null_dim_purpose_purpose.90961f688d"} */

    
    select
      count(*) as failures,
      count(*) != 0 as should_warn,
      count(*) != 0 as should_error
    from (
      
    
  
    
    



select purpose
from `bfsi-loan-analytics`.`bfsi_loans`.`dim_purpose`
where purpose is null



  
  
      
    ) dbt_internal_test
[0m01:25:20.638041 [debug] [Thread-3 (]: Opening a new connection, currently in state closed
[0m01:25:20.656337 [debug] [Thread-4 (]: SQL status: OK in 2.151 seconds
[0m01:25:21.238095 [info ] [Thread-2 (]: 10 of 45 PASS unique_dim_income_band_income_band ............................... [[32mPASS[0m in 2.93s]
[0m01:25:21.239095 [debug] [Thread-2 (]: Finished running node test.bfsi_dbt.unique_dim_income_band_income_band.358c8bcadc
[0m01:25:21.239095 [debug] [Thread-2 (]: Began running node test.bfsi_dbt.not_null_dim_purpose_purpose_id.67ce3f80fa
[0m01:25:21.240094 [info ] [Thread-2 (]: 13 of 45 START test not_null_dim_purpose_purpose_id ............................ [RUN]
[0m01:25:21.240094 [debug] [Thread-2 (]: Re-using an available connection from the pool (formerly test.bfsi_dbt.unique_dim_income_band_income_band.358c8bcadc, now test.bfsi_dbt.not_null_dim_purpose_purpose_id.67ce3f80fa)
[0m01:25:21.241096 [debug] [Thread-2 (]: Began compiling node test.bfsi_dbt.not_null_dim_purpose_purpose_id.67ce3f80fa
[0m01:25:21.244098 [debug] [Thread-2 (]: Writing injected SQL for node "test.bfsi_dbt.not_null_dim_purpose_purpose_id.67ce3f80fa"
[0m01:25:21.245095 [debug] [Thread-2 (]: Began executing node test.bfsi_dbt.not_null_dim_purpose_purpose_id.67ce3f80fa
[0m01:25:21.247097 [debug] [Thread-2 (]: Writing runtime sql for node "test.bfsi_dbt.not_null_dim_purpose_purpose_id.67ce3f80fa"
[0m01:25:21.249099 [debug] [Thread-2 (]: On test.bfsi_dbt.not_null_dim_purpose_purpose_id.67ce3f80fa: /* {"app": "dbt", "dbt_version": "1.11.12", "profile_name": "bfsi_dbt", "target_name": "dev", "node_id": "test.bfsi_dbt.not_null_dim_purpose_purpose_id.67ce3f80fa"} */

    
    select
      count(*) as failures,
      count(*) != 0 as should_warn,
      count(*) != 0 as should_error
    from (
      
    
  
    
    



select purpose_id
from `bfsi-loan-analytics`.`bfsi_loans`.`dim_purpose`
where purpose_id is null



  
  
      
    ) dbt_internal_test
[0m01:25:21.249099 [debug] [Thread-2 (]: Opening a new connection, currently in state closed
[0m01:25:21.404551 [debug] [Thread-4 (]: Sending event: {'category': 'dbt', 'action': 'run_model', 'label': '93f86b1a-90f1-4149-8530-bd7105f2361c', 'context': [<snowplow_tracker.self_describing_json.SelfDescribingJson object at 0x000001AAE3A5E3F0>]}
[0m01:25:21.404551 [info ] [Thread-4 (]: 7 of 45 OK created sql table model bfsi_loans.dim_risk_tier .................... [[32mCREATE TABLE (3.0 rows, 8.2 MiB processed)[0m in 4.05s]
[0m01:25:21.405553 [debug] [Thread-4 (]: Finished running node model.bfsi_dbt.dim_risk_tier
[0m01:25:21.405553 [debug] [Thread-4 (]: Began running node test.bfsi_dbt.unique_dim_purpose_purpose.427cd41042
[0m01:25:21.405553 [info ] [Thread-4 (]: 14 of 45 START test unique_dim_purpose_purpose ................................. [RUN]
[0m01:25:21.406551 [debug] [Thread-4 (]: Re-using an available connection from the pool (formerly model.bfsi_dbt.dim_risk_tier, now test.bfsi_dbt.unique_dim_purpose_purpose.427cd41042)
[0m01:25:21.406551 [debug] [Thread-4 (]: Began compiling node test.bfsi_dbt.unique_dim_purpose_purpose.427cd41042
[0m01:25:21.410553 [debug] [Thread-4 (]: Writing injected SQL for node "test.bfsi_dbt.unique_dim_purpose_purpose.427cd41042"
[0m01:25:21.411552 [debug] [Thread-4 (]: Began executing node test.bfsi_dbt.unique_dim_purpose_purpose.427cd41042
[0m01:25:21.413555 [debug] [Thread-4 (]: Writing runtime sql for node "test.bfsi_dbt.unique_dim_purpose_purpose.427cd41042"
[0m01:25:21.413555 [debug] [Thread-4 (]: On test.bfsi_dbt.unique_dim_purpose_purpose.427cd41042: /* {"app": "dbt", "dbt_version": "1.11.12", "profile_name": "bfsi_dbt", "target_name": "dev", "node_id": "test.bfsi_dbt.unique_dim_purpose_purpose.427cd41042"} */

    
    select
      count(*) as failures,
      count(*) != 0 as should_warn,
      count(*) != 0 as should_error
    from (
      
    
  
    
    

with dbt_test__target as (

  select purpose as unique_field
  from `bfsi-loan-analytics`.`bfsi_loans`.`dim_purpose`
  where purpose is not null

)

select
    unique_field,
    count(*) as n_records

from dbt_test__target
group by unique_field
having count(*) > 1



  
  
      
    ) dbt_internal_test
[0m01:25:21.414553 [debug] [Thread-4 (]: Opening a new connection, currently in state closed
[0m01:25:21.609787 [debug] [Thread-1 (]: BigQuery adapter: https://console.cloud.google.com/bigquery?project=bfsi-loan-analytics&j=bq:US:4babc310-6e0c-416b-9934-bd5dc08ab490&page=queryresults
[0m01:25:22.060447 [debug] [Thread-1 (]: SQL status: OK in 0.449 seconds
[0m01:25:22.241870 [debug] [Thread-3 (]: BigQuery adapter: https://console.cloud.google.com/bigquery?project=bfsi-loan-analytics&j=bq:US:a216dc09-336a-42ea-bdbc-2040e09ac72e&page=queryresults
[0m01:25:22.600544 [debug] [Thread-2 (]: BigQuery adapter: https://console.cloud.google.com/bigquery?project=bfsi-loan-analytics&j=bq:US:bfd77414-f246-4433-88fb-657fcc0131fa&page=queryresults
[0m01:25:22.716642 [debug] [Thread-4 (]: BigQuery adapter: https://console.cloud.google.com/bigquery?project=bfsi-loan-analytics&j=bq:US:b9c0c5ca-278e-409c-9206-85c4e6c927ca&page=queryresults
[0m01:25:22.782898 [debug] [Thread-3 (]: SQL status: OK in 0.540 seconds
[0m01:25:23.072560 [info ] [Thread-1 (]: 11 of 45 PASS unique_dim_income_band_income_band_id ............................ [[32mPASS[0m in 2.81s]
[0m01:25:23.073562 [debug] [Thread-1 (]: Finished running node test.bfsi_dbt.unique_dim_income_band_income_band_id.fc2ea29730
[0m01:25:23.073562 [debug] [Thread-1 (]: Began running node test.bfsi_dbt.unique_dim_purpose_purpose_id.bd2e5891ff
[0m01:25:23.074561 [info ] [Thread-1 (]: 15 of 45 START test unique_dim_purpose_purpose_id .............................. [RUN]
[0m01:25:23.075557 [debug] [Thread-1 (]: Re-using an available connection from the pool (formerly test.bfsi_dbt.unique_dim_income_band_income_band_id.fc2ea29730, now test.bfsi_dbt.unique_dim_purpose_purpose_id.bd2e5891ff)
[0m01:25:23.075557 [debug] [Thread-1 (]: Began compiling node test.bfsi_dbt.unique_dim_purpose_purpose_id.bd2e5891ff
[0m01:25:23.081560 [debug] [Thread-1 (]: Writing injected SQL for node "test.bfsi_dbt.unique_dim_purpose_purpose_id.bd2e5891ff"
[0m01:25:23.082560 [debug] [Thread-1 (]: Began executing node test.bfsi_dbt.unique_dim_purpose_purpose_id.bd2e5891ff
[0m01:25:23.084557 [debug] [Thread-1 (]: Writing runtime sql for node "test.bfsi_dbt.unique_dim_purpose_purpose_id.bd2e5891ff"
[0m01:25:23.085561 [debug] [Thread-1 (]: On test.bfsi_dbt.unique_dim_purpose_purpose_id.bd2e5891ff: /* {"app": "dbt", "dbt_version": "1.11.12", "profile_name": "bfsi_dbt", "target_name": "dev", "node_id": "test.bfsi_dbt.unique_dim_purpose_purpose_id.bd2e5891ff"} */

    
    select
      count(*) as failures,
      count(*) != 0 as should_warn,
      count(*) != 0 as should_error
    from (
      
    
  
    
    

with dbt_test__target as (

  select purpose_id as unique_field
  from `bfsi-loan-analytics`.`bfsi_loans`.`dim_purpose`
  where purpose_id is not null

)

select
    unique_field,
    count(*) as n_records

from dbt_test__target
group by unique_field
having count(*) > 1



  
  
      
    ) dbt_internal_test
[0m01:25:23.086561 [debug] [Thread-1 (]: Opening a new connection, currently in state closed
[0m01:25:23.105558 [debug] [Thread-2 (]: SQL status: OK in 0.505 seconds
[0m01:25:23.431425 [debug] [Thread-4 (]: SQL status: OK in 0.713 seconds
[0m01:25:23.946884 [info ] [Thread-3 (]: 12 of 45 PASS not_null_dim_purpose_purpose ..................................... [[32mPASS[0m in 3.32s]
[0m01:25:23.947883 [debug] [Thread-3 (]: Finished running node test.bfsi_dbt.not_null_dim_purpose_purpose.90961f688d
[0m01:25:23.947883 [debug] [Thread-3 (]: Began running node test.bfsi_dbt.accepted_values_dim_grade_grade__A__B__C__D__E__F__G.d57c0d438a
[0m01:25:23.948885 [info ] [Thread-3 (]: 16 of 45 START test accepted_values_dim_grade_grade__A__B__C__D__E__F__G ....... [RUN]
[0m01:25:23.948885 [debug] [Thread-3 (]: Re-using an available connection from the pool (formerly test.bfsi_dbt.not_null_dim_purpose_purpose.90961f688d, now test.bfsi_dbt.accepted_values_dim_grade_grade__A__B__C__D__E__F__G.d57c0d438a)
[0m01:25:23.949884 [debug] [Thread-3 (]: Began compiling node test.bfsi_dbt.accepted_values_dim_grade_grade__A__B__C__D__E__F__G.d57c0d438a
[0m01:25:23.955884 [debug] [Thread-3 (]: Writing injected SQL for node "test.bfsi_dbt.accepted_values_dim_grade_grade__A__B__C__D__E__F__G.d57c0d438a"
[0m01:25:23.956882 [debug] [Thread-3 (]: Began executing node test.bfsi_dbt.accepted_values_dim_grade_grade__A__B__C__D__E__F__G.d57c0d438a
[0m01:25:23.959266 [debug] [Thread-3 (]: Writing runtime sql for node "test.bfsi_dbt.accepted_values_dim_grade_grade__A__B__C__D__E__F__G.d57c0d438a"
[0m01:25:23.962266 [debug] [Thread-3 (]: On test.bfsi_dbt.accepted_values_dim_grade_grade__A__B__C__D__E__F__G.d57c0d438a: /* {"app": "dbt", "dbt_version": "1.11.12", "profile_name": "bfsi_dbt", "target_name": "dev", "node_id": "test.bfsi_dbt.accepted_values_dim_grade_grade__A__B__C__D__E__F__G.d57c0d438a"} */

    
    select
      count(*) as failures,
      count(*) != 0 as should_warn,
      count(*) != 0 as should_error
    from (
      
    
  
    
    

with all_values as (

    select
        grade as value_field,
        count(*) as n_records

    from `bfsi-loan-analytics`.`bfsi_loans`.`dim_grade`
    group by grade

)

select *
from all_values
where value_field not in (
    'A','B','C','D','E','F','G'
)



  
  
      
    ) dbt_internal_test
[0m01:25:23.962266 [debug] [Thread-3 (]: Opening a new connection, currently in state closed
[0m01:25:24.009932 [info ] [Thread-2 (]: 13 of 45 PASS not_null_dim_purpose_purpose_id .................................. [[32mPASS[0m in 2.77s]
[0m01:25:24.010931 [debug] [Thread-2 (]: Finished running node test.bfsi_dbt.not_null_dim_purpose_purpose_id.67ce3f80fa
[0m01:25:24.010931 [debug] [Thread-2 (]: Began running node test.bfsi_dbt.not_null_dim_grade_grade.6ae91a6431
[0m01:25:24.011931 [info ] [Thread-2 (]: 17 of 45 START test not_null_dim_grade_grade ................................... [RUN]
[0m01:25:24.011931 [debug] [Thread-2 (]: Re-using an available connection from the pool (formerly test.bfsi_dbt.not_null_dim_purpose_purpose_id.67ce3f80fa, now test.bfsi_dbt.not_null_dim_grade_grade.6ae91a6431)
[0m01:25:24.011931 [debug] [Thread-2 (]: Began compiling node test.bfsi_dbt.not_null_dim_grade_grade.6ae91a6431
[0m01:25:24.015931 [debug] [Thread-2 (]: Writing injected SQL for node "test.bfsi_dbt.not_null_dim_grade_grade.6ae91a6431"
[0m01:25:24.016930 [debug] [Thread-2 (]: Began executing node test.bfsi_dbt.not_null_dim_grade_grade.6ae91a6431
[0m01:25:24.018932 [debug] [Thread-2 (]: Writing runtime sql for node "test.bfsi_dbt.not_null_dim_grade_grade.6ae91a6431"
[0m01:25:24.019930 [debug] [Thread-2 (]: On test.bfsi_dbt.not_null_dim_grade_grade.6ae91a6431: /* {"app": "dbt", "dbt_version": "1.11.12", "profile_name": "bfsi_dbt", "target_name": "dev", "node_id": "test.bfsi_dbt.not_null_dim_grade_grade.6ae91a6431"} */

    
    select
      count(*) as failures,
      count(*) != 0 as should_warn,
      count(*) != 0 as should_error
    from (
      
    
  
    
    



select grade
from `bfsi-loan-analytics`.`bfsi_loans`.`dim_grade`
where grade is null



  
  
      
    ) dbt_internal_test
[0m01:25:24.019930 [debug] [Thread-2 (]: Opening a new connection, currently in state closed
[0m01:25:24.310837 [debug] [Thread-1 (]: BigQuery adapter: https://console.cloud.google.com/bigquery?project=bfsi-loan-analytics&j=bq:US:55705de7-fd2f-44bd-8754-f26faa21b78d&page=queryresults
[0m01:25:24.351902 [info ] [Thread-4 (]: 14 of 45 PASS unique_dim_purpose_purpose ....................................... [[32mPASS[0m in 2.95s]
[0m01:25:24.352902 [debug] [Thread-4 (]: Finished running node test.bfsi_dbt.unique_dim_purpose_purpose.427cd41042
[0m01:25:24.352902 [debug] [Thread-4 (]: Began running node test.bfsi_dbt.not_null_dim_grade_grade_id.04908aca39
[0m01:25:24.353903 [info ] [Thread-4 (]: 18 of 45 START test not_null_dim_grade_grade_id ................................ [RUN]
[0m01:25:24.353903 [debug] [Thread-4 (]: Re-using an available connection from the pool (formerly test.bfsi_dbt.unique_dim_purpose_purpose.427cd41042, now test.bfsi_dbt.not_null_dim_grade_grade_id.04908aca39)
[0m01:25:24.354902 [debug] [Thread-4 (]: Began compiling node test.bfsi_dbt.not_null_dim_grade_grade_id.04908aca39
[0m01:25:24.357902 [debug] [Thread-4 (]: Writing injected SQL for node "test.bfsi_dbt.not_null_dim_grade_grade_id.04908aca39"
[0m01:25:24.358902 [debug] [Thread-4 (]: Began executing node test.bfsi_dbt.not_null_dim_grade_grade_id.04908aca39
[0m01:25:24.361180 [debug] [Thread-4 (]: Writing runtime sql for node "test.bfsi_dbt.not_null_dim_grade_grade_id.04908aca39"
[0m01:25:24.362181 [debug] [Thread-4 (]: On test.bfsi_dbt.not_null_dim_grade_grade_id.04908aca39: /* {"app": "dbt", "dbt_version": "1.11.12", "profile_name": "bfsi_dbt", "target_name": "dev", "node_id": "test.bfsi_dbt.not_null_dim_grade_grade_id.04908aca39"} */

    
    select
      count(*) as failures,
      count(*) != 0 as should_warn,
      count(*) != 0 as should_error
    from (
      
    
  
    
    



select grade_id
from `bfsi-loan-analytics`.`bfsi_loans`.`dim_grade`
where grade_id is null



  
  
      
    ) dbt_internal_test
[0m01:25:24.362181 [debug] [Thread-4 (]: Opening a new connection, currently in state closed
[0m01:25:24.889832 [debug] [Thread-1 (]: SQL status: OK in 0.578 seconds
[0m01:25:25.053884 [debug] [Thread-3 (]: BigQuery adapter: https://console.cloud.google.com/bigquery?project=bfsi-loan-analytics&j=bq:US:c2a8638d-317b-4a9b-8099-0b537ee6d9c9&page=queryresults
[0m01:25:25.280492 [debug] [Thread-2 (]: BigQuery adapter: https://console.cloud.google.com/bigquery?project=bfsi-loan-analytics&j=bq:US:81845422-35c3-49e8-be40-dadb57ac10d3&page=queryresults
[0m01:25:25.513957 [debug] [Thread-4 (]: BigQuery adapter: https://console.cloud.google.com/bigquery?project=bfsi-loan-analytics&j=bq:US:17bd483e-4bf5-433e-95cd-776c62559fb9&page=queryresults
[0m01:25:25.609783 [debug] [Thread-3 (]: SQL status: OK in 0.554 seconds
[0m01:25:26.018387 [info ] [Thread-1 (]: 15 of 45 PASS unique_dim_purpose_purpose_id .................................... [[32mPASS[0m in 2.94s]
[0m01:25:26.019386 [debug] [Thread-4 (]: SQL status: OK in 0.505 seconds
[0m01:25:26.020412 [debug] [Thread-1 (]: Finished running node test.bfsi_dbt.unique_dim_purpose_purpose_id.bd2e5891ff
[0m01:25:26.020412 [debug] [Thread-1 (]: Began running node test.bfsi_dbt.unique_dim_grade_grade.a6bdc92675
[0m01:25:26.021416 [info ] [Thread-1 (]: 19 of 45 START test unique_dim_grade_grade ..................................... [RUN]
[0m01:25:26.021416 [debug] [Thread-1 (]: Re-using an available connection from the pool (formerly test.bfsi_dbt.unique_dim_purpose_purpose_id.bd2e5891ff, now test.bfsi_dbt.unique_dim_grade_grade.a6bdc92675)
[0m01:25:26.022419 [debug] [Thread-1 (]: Began compiling node test.bfsi_dbt.unique_dim_grade_grade.a6bdc92675
[0m01:25:26.026418 [debug] [Thread-1 (]: Writing injected SQL for node "test.bfsi_dbt.unique_dim_grade_grade.a6bdc92675"
[0m01:25:26.026418 [debug] [Thread-1 (]: Began executing node test.bfsi_dbt.unique_dim_grade_grade.a6bdc92675
[0m01:25:26.030617 [debug] [Thread-1 (]: Writing runtime sql for node "test.bfsi_dbt.unique_dim_grade_grade.a6bdc92675"
[0m01:25:26.031613 [debug] [Thread-1 (]: On test.bfsi_dbt.unique_dim_grade_grade.a6bdc92675: /* {"app": "dbt", "dbt_version": "1.11.12", "profile_name": "bfsi_dbt", "target_name": "dev", "node_id": "test.bfsi_dbt.unique_dim_grade_grade.a6bdc92675"} */

    
    select
      count(*) as failures,
      count(*) != 0 as should_warn,
      count(*) != 0 as should_error
    from (
      
    
  
    
    

with dbt_test__target as (

  select grade as unique_field
  from `bfsi-loan-analytics`.`bfsi_loans`.`dim_grade`
  where grade is not null

)

select
    unique_field,
    count(*) as n_records

from dbt_test__target
group by unique_field
having count(*) > 1



  
  
      
    ) dbt_internal_test
[0m01:25:26.031613 [debug] [Thread-1 (]: Opening a new connection, currently in state closed
[0m01:25:26.134219 [debug] [Thread-2 (]: SQL status: OK in 0.853 seconds
[0m01:25:26.588469 [info ] [Thread-3 (]: 16 of 45 PASS accepted_values_dim_grade_grade__A__B__C__D__E__F__G ............. [[32mPASS[0m in 2.64s]
[0m01:25:26.588469 [debug] [Thread-3 (]: Finished running node test.bfsi_dbt.accepted_values_dim_grade_grade__A__B__C__D__E__F__G.d57c0d438a
[0m01:25:26.589469 [debug] [Thread-3 (]: Began running node test.bfsi_dbt.unique_dim_grade_grade_id.dad7f28526
[0m01:25:26.589469 [info ] [Thread-3 (]: 20 of 45 START test unique_dim_grade_grade_id .................................. [RUN]
[0m01:25:26.589469 [debug] [Thread-3 (]: Re-using an available connection from the pool (formerly test.bfsi_dbt.accepted_values_dim_grade_grade__A__B__C__D__E__F__G.d57c0d438a, now test.bfsi_dbt.unique_dim_grade_grade_id.dad7f28526)
[0m01:25:26.590467 [debug] [Thread-3 (]: Began compiling node test.bfsi_dbt.unique_dim_grade_grade_id.dad7f28526
[0m01:25:26.593469 [debug] [Thread-3 (]: Writing injected SQL for node "test.bfsi_dbt.unique_dim_grade_grade_id.dad7f28526"
[0m01:25:26.594470 [debug] [Thread-3 (]: Began executing node test.bfsi_dbt.unique_dim_grade_grade_id.dad7f28526
[0m01:25:26.596483 [debug] [Thread-3 (]: Writing runtime sql for node "test.bfsi_dbt.unique_dim_grade_grade_id.dad7f28526"
[0m01:25:26.599467 [debug] [Thread-3 (]: On test.bfsi_dbt.unique_dim_grade_grade_id.dad7f28526: /* {"app": "dbt", "dbt_version": "1.11.12", "profile_name": "bfsi_dbt", "target_name": "dev", "node_id": "test.bfsi_dbt.unique_dim_grade_grade_id.dad7f28526"} */

    
    select
      count(*) as failures,
      count(*) != 0 as should_warn,
      count(*) != 0 as should_error
    from (
      
    
  
    
    

with dbt_test__target as (

  select grade_id as unique_field
  from `bfsi-loan-analytics`.`bfsi_loans`.`dim_grade`
  where grade_id is not null

)

select
    unique_field,
    count(*) as n_records

from dbt_test__target
group by unique_field
having count(*) > 1



  
  
      
    ) dbt_internal_test
[0m01:25:26.599467 [debug] [Thread-3 (]: Opening a new connection, currently in state closed
[0m01:25:27.130585 [info ] [Thread-4 (]: 18 of 45 PASS not_null_dim_grade_grade_id ...................................... [[32mPASS[0m in 2.78s]
[0m01:25:27.131585 [debug] [Thread-4 (]: Finished running node test.bfsi_dbt.not_null_dim_grade_grade_id.04908aca39
[0m01:25:27.133583 [debug] [Thread-4 (]: Began running node test.bfsi_dbt.not_null_dim_dti_band_dti_band.5fd7f8997d
[0m01:25:27.134581 [debug] [Thread-1 (]: BigQuery adapter: https://console.cloud.google.com/bigquery?project=bfsi-loan-analytics&j=bq:US:cf28a540-9a9a-4850-a6e4-e9a4d74d851f&page=queryresults
[0m01:25:27.133583 [info ] [Thread-2 (]: 17 of 45 PASS not_null_dim_grade_grade ......................................... [[32mPASS[0m in 3.12s]
[0m01:25:27.134581 [info ] [Thread-4 (]: 21 of 45 START test not_null_dim_dti_band_dti_band ............................. [RUN]
[0m01:25:27.136582 [debug] [Thread-2 (]: Finished running node test.bfsi_dbt.not_null_dim_grade_grade.6ae91a6431
[0m01:25:27.136582 [debug] [Thread-4 (]: Re-using an available connection from the pool (formerly test.bfsi_dbt.not_null_dim_grade_grade_id.04908aca39, now test.bfsi_dbt.not_null_dim_dti_band_dti_band.5fd7f8997d)
[0m01:25:27.137581 [debug] [Thread-2 (]: Began running node test.bfsi_dbt.not_null_dim_dti_band_dti_band_id.8965dc3ffa
[0m01:25:27.137581 [debug] [Thread-4 (]: Began compiling node test.bfsi_dbt.not_null_dim_dti_band_dti_band.5fd7f8997d
[0m01:25:27.138583 [info ] [Thread-2 (]: 22 of 45 START test not_null_dim_dti_band_dti_band_id .......................... [RUN]
[0m01:25:27.141584 [debug] [Thread-4 (]: Writing injected SQL for node "test.bfsi_dbt.not_null_dim_dti_band_dti_band.5fd7f8997d"
[0m01:25:27.142583 [debug] [Thread-2 (]: Re-using an available connection from the pool (formerly test.bfsi_dbt.not_null_dim_grade_grade.6ae91a6431, now test.bfsi_dbt.not_null_dim_dti_band_dti_band_id.8965dc3ffa)
[0m01:25:27.142583 [debug] [Thread-2 (]: Began compiling node test.bfsi_dbt.not_null_dim_dti_band_dti_band_id.8965dc3ffa
[0m01:25:27.145583 [debug] [Thread-2 (]: Writing injected SQL for node "test.bfsi_dbt.not_null_dim_dti_band_dti_band_id.8965dc3ffa"
[0m01:25:27.146581 [debug] [Thread-4 (]: Began executing node test.bfsi_dbt.not_null_dim_dti_band_dti_band.5fd7f8997d
[0m01:25:27.148585 [debug] [Thread-4 (]: Writing runtime sql for node "test.bfsi_dbt.not_null_dim_dti_band_dti_band.5fd7f8997d"
[0m01:25:27.148585 [debug] [Thread-2 (]: Began executing node test.bfsi_dbt.not_null_dim_dti_band_dti_band_id.8965dc3ffa
[0m01:25:27.150585 [debug] [Thread-2 (]: Writing runtime sql for node "test.bfsi_dbt.not_null_dim_dti_band_dti_band_id.8965dc3ffa"
[0m01:25:27.151583 [debug] [Thread-4 (]: On test.bfsi_dbt.not_null_dim_dti_band_dti_band.5fd7f8997d: /* {"app": "dbt", "dbt_version": "1.11.12", "profile_name": "bfsi_dbt", "target_name": "dev", "node_id": "test.bfsi_dbt.not_null_dim_dti_band_dti_band.5fd7f8997d"} */

    
    select
      count(*) as failures,
      count(*) != 0 as should_warn,
      count(*) != 0 as should_error
    from (
      
    
  
    
    



select dti_band
from `bfsi-loan-analytics`.`bfsi_loans`.`dim_dti_band`
where dti_band is null



  
  
      
    ) dbt_internal_test
[0m01:25:27.151583 [debug] [Thread-4 (]: Opening a new connection, currently in state closed
[0m01:25:27.152581 [debug] [Thread-2 (]: On test.bfsi_dbt.not_null_dim_dti_band_dti_band_id.8965dc3ffa: /* {"app": "dbt", "dbt_version": "1.11.12", "profile_name": "bfsi_dbt", "target_name": "dev", "node_id": "test.bfsi_dbt.not_null_dim_dti_band_dti_band_id.8965dc3ffa"} */

    
    select
      count(*) as failures,
      count(*) != 0 as should_warn,
      count(*) != 0 as should_error
    from (
      
    
  
    
    



select dti_band_id
from `bfsi-loan-analytics`.`bfsi_loans`.`dim_dti_band`
where dti_band_id is null



  
  
      
    ) dbt_internal_test
[0m01:25:27.153582 [debug] [Thread-2 (]: Opening a new connection, currently in state closed
[0m01:25:27.617197 [debug] [Thread-1 (]: SQL status: OK in 0.482 seconds
[0m01:25:27.876418 [debug] [Thread-3 (]: BigQuery adapter: https://console.cloud.google.com/bigquery?project=bfsi-loan-analytics&j=bq:US:3234a209-f991-4715-9da8-a834bb4357fb&page=queryresults
[0m01:25:28.260755 [debug] [Thread-4 (]: BigQuery adapter: https://console.cloud.google.com/bigquery?project=bfsi-loan-analytics&j=bq:US:f7b64ace-74ea-42ff-bbaa-0a14bbc190d0&page=queryresults
[0m01:25:28.282317 [debug] [Thread-2 (]: BigQuery adapter: https://console.cloud.google.com/bigquery?project=bfsi-loan-analytics&j=bq:US:152173df-d7f9-45d9-99b7-44608b2ce165&page=queryresults
[0m01:25:28.380354 [debug] [Thread-3 (]: SQL status: OK in 0.503 seconds
[0m01:25:28.592583 [info ] [Thread-1 (]: 19 of 45 PASS unique_dim_grade_grade ........................................... [[32mPASS[0m in 2.57s]
[0m01:25:28.593585 [debug] [Thread-1 (]: Finished running node test.bfsi_dbt.unique_dim_grade_grade.a6bdc92675
[0m01:25:28.593585 [debug] [Thread-1 (]: Began running node test.bfsi_dbt.unique_dim_dti_band_dti_band.d53638241d
[0m01:25:28.594583 [info ] [Thread-1 (]: 23 of 45 START test unique_dim_dti_band_dti_band ............................... [RUN]
[0m01:25:28.595586 [debug] [Thread-1 (]: Re-using an available connection from the pool (formerly test.bfsi_dbt.unique_dim_grade_grade.a6bdc92675, now test.bfsi_dbt.unique_dim_dti_band_dti_band.d53638241d)
[0m01:25:28.595586 [debug] [Thread-1 (]: Began compiling node test.bfsi_dbt.unique_dim_dti_band_dti_band.d53638241d
[0m01:25:28.599585 [debug] [Thread-1 (]: Writing injected SQL for node "test.bfsi_dbt.unique_dim_dti_band_dti_band.d53638241d"
[0m01:25:28.600583 [debug] [Thread-1 (]: Began executing node test.bfsi_dbt.unique_dim_dti_band_dti_band.d53638241d
[0m01:25:28.602649 [debug] [Thread-1 (]: Writing runtime sql for node "test.bfsi_dbt.unique_dim_dti_band_dti_band.d53638241d"
[0m01:25:28.602649 [debug] [Thread-1 (]: On test.bfsi_dbt.unique_dim_dti_band_dti_band.d53638241d: /* {"app": "dbt", "dbt_version": "1.11.12", "profile_name": "bfsi_dbt", "target_name": "dev", "node_id": "test.bfsi_dbt.unique_dim_dti_band_dti_band.d53638241d"} */

    
    select
      count(*) as failures,
      count(*) != 0 as should_warn,
      count(*) != 0 as should_error
    from (
      
    
  
    
    

with dbt_test__target as (

  select dti_band as unique_field
  from `bfsi-loan-analytics`.`bfsi_loans`.`dim_dti_band`
  where dti_band is not null

)

select
    unique_field,
    count(*) as n_records

from dbt_test__target
group by unique_field
having count(*) > 1



  
  
      
    ) dbt_internal_test
[0m01:25:28.604030 [debug] [Thread-1 (]: Opening a new connection, currently in state closed
[0m01:25:28.730550 [debug] [Thread-4 (]: SQL status: OK in 0.469 seconds
[0m01:25:28.750367 [debug] [Thread-2 (]: SQL status: OK in 0.467 seconds
[0m01:25:29.383428 [info ] [Thread-3 (]: 20 of 45 PASS unique_dim_grade_grade_id ........................................ [[32mPASS[0m in 2.79s]
[0m01:25:29.383428 [debug] [Thread-3 (]: Finished running node test.bfsi_dbt.unique_dim_grade_grade_id.dad7f28526
[0m01:25:29.384426 [debug] [Thread-3 (]: Began running node test.bfsi_dbt.unique_dim_dti_band_dti_band_id.e4e6620662
[0m01:25:29.384426 [info ] [Thread-3 (]: 24 of 45 START test unique_dim_dti_band_dti_band_id ............................ [RUN]
[0m01:25:29.385433 [debug] [Thread-3 (]: Re-using an available connection from the pool (formerly test.bfsi_dbt.unique_dim_grade_grade_id.dad7f28526, now test.bfsi_dbt.unique_dim_dti_band_dti_band_id.e4e6620662)
[0m01:25:29.386429 [debug] [Thread-3 (]: Began compiling node test.bfsi_dbt.unique_dim_dti_band_dti_band_id.e4e6620662
[0m01:25:29.391430 [debug] [Thread-3 (]: Writing injected SQL for node "test.bfsi_dbt.unique_dim_dti_band_dti_band_id.e4e6620662"
[0m01:25:29.392426 [debug] [Thread-3 (]: Began executing node test.bfsi_dbt.unique_dim_dti_band_dti_band_id.e4e6620662
[0m01:25:29.394429 [debug] [Thread-3 (]: Writing runtime sql for node "test.bfsi_dbt.unique_dim_dti_band_dti_band_id.e4e6620662"
[0m01:25:29.394429 [debug] [Thread-3 (]: On test.bfsi_dbt.unique_dim_dti_band_dti_band_id.e4e6620662: /* {"app": "dbt", "dbt_version": "1.11.12", "profile_name": "bfsi_dbt", "target_name": "dev", "node_id": "test.bfsi_dbt.unique_dim_dti_band_dti_band_id.e4e6620662"} */

    
    select
      count(*) as failures,
      count(*) != 0 as should_warn,
      count(*) != 0 as should_error
    from (
      
    
  
    
    

with dbt_test__target as (

  select dti_band_id as unique_field
  from `bfsi-loan-analytics`.`bfsi_loans`.`dim_dti_band`
  where dti_band_id is not null

)

select
    unique_field,
    count(*) as n_records

from dbt_test__target
group by unique_field
having count(*) > 1



  
  
      
    ) dbt_internal_test
[0m01:25:29.395845 [debug] [Thread-3 (]: Opening a new connection, currently in state closed
[0m01:25:29.700704 [debug] [Thread-1 (]: BigQuery adapter: https://console.cloud.google.com/bigquery?project=bfsi-loan-analytics&j=bq:US:fb7737b4-bbb4-4572-8542-4fd9ac8ce9e8&page=queryresults
[0m01:25:29.762297 [info ] [Thread-2 (]: 22 of 45 PASS not_null_dim_dti_band_dti_band_id ................................ [[32mPASS[0m in 2.62s]
[0m01:25:29.763297 [debug] [Thread-2 (]: Finished running node test.bfsi_dbt.not_null_dim_dti_band_dti_band_id.8965dc3ffa
[0m01:25:29.763297 [debug] [Thread-2 (]: Began running node test.bfsi_dbt.not_null_dim_risk_tier_risk_tier.761c793c66
[0m01:25:29.763297 [info ] [Thread-2 (]: 25 of 45 START test not_null_dim_risk_tier_risk_tier ........................... [RUN]
[0m01:25:29.764298 [debug] [Thread-2 (]: Re-using an available connection from the pool (formerly test.bfsi_dbt.not_null_dim_dti_band_dti_band_id.8965dc3ffa, now test.bfsi_dbt.not_null_dim_risk_tier_risk_tier.761c793c66)
[0m01:25:29.764298 [debug] [Thread-2 (]: Began compiling node test.bfsi_dbt.not_null_dim_risk_tier_risk_tier.761c793c66
[0m01:25:29.768299 [debug] [Thread-2 (]: Writing injected SQL for node "test.bfsi_dbt.not_null_dim_risk_tier_risk_tier.761c793c66"
[0m01:25:29.768299 [debug] [Thread-2 (]: Began executing node test.bfsi_dbt.not_null_dim_risk_tier_risk_tier.761c793c66
[0m01:25:29.771504 [debug] [Thread-2 (]: Writing runtime sql for node "test.bfsi_dbt.not_null_dim_risk_tier_risk_tier.761c793c66"
[0m01:25:29.771504 [debug] [Thread-2 (]: On test.bfsi_dbt.not_null_dim_risk_tier_risk_tier.761c793c66: /* {"app": "dbt", "dbt_version": "1.11.12", "profile_name": "bfsi_dbt", "target_name": "dev", "node_id": "test.bfsi_dbt.not_null_dim_risk_tier_risk_tier.761c793c66"} */

    
    select
      count(*) as failures,
      count(*) != 0 as should_warn,
      count(*) != 0 as should_error
    from (
      
    
  
    
    



select risk_tier
from `bfsi-loan-analytics`.`bfsi_loans`.`dim_risk_tier`
where risk_tier is null



  
  
      
    ) dbt_internal_test
[0m01:25:29.771504 [debug] [Thread-2 (]: Opening a new connection, currently in state closed
[0m01:25:29.781969 [info ] [Thread-4 (]: 21 of 45 PASS not_null_dim_dti_band_dti_band ................................... [[32mPASS[0m in 2.65s]
[0m01:25:29.781969 [debug] [Thread-4 (]: Finished running node test.bfsi_dbt.not_null_dim_dti_band_dti_band.5fd7f8997d
[0m01:25:29.782967 [debug] [Thread-4 (]: Began running node test.bfsi_dbt.not_null_dim_risk_tier_risk_tier_id.7b9dcebed0
[0m01:25:29.782967 [info ] [Thread-4 (]: 26 of 45 START test not_null_dim_risk_tier_risk_tier_id ........................ [RUN]
[0m01:25:29.783966 [debug] [Thread-4 (]: Re-using an available connection from the pool (formerly test.bfsi_dbt.not_null_dim_dti_band_dti_band.5fd7f8997d, now test.bfsi_dbt.not_null_dim_risk_tier_risk_tier_id.7b9dcebed0)
[0m01:25:29.783966 [debug] [Thread-4 (]: Began compiling node test.bfsi_dbt.not_null_dim_risk_tier_risk_tier_id.7b9dcebed0
[0m01:25:29.786968 [debug] [Thread-4 (]: Writing injected SQL for node "test.bfsi_dbt.not_null_dim_risk_tier_risk_tier_id.7b9dcebed0"
[0m01:25:29.787967 [debug] [Thread-4 (]: Began executing node test.bfsi_dbt.not_null_dim_risk_tier_risk_tier_id.7b9dcebed0
[0m01:25:29.789966 [debug] [Thread-4 (]: Writing runtime sql for node "test.bfsi_dbt.not_null_dim_risk_tier_risk_tier_id.7b9dcebed0"
[0m01:25:29.790966 [debug] [Thread-4 (]: On test.bfsi_dbt.not_null_dim_risk_tier_risk_tier_id.7b9dcebed0: /* {"app": "dbt", "dbt_version": "1.11.12", "profile_name": "bfsi_dbt", "target_name": "dev", "node_id": "test.bfsi_dbt.not_null_dim_risk_tier_risk_tier_id.7b9dcebed0"} */

    
    select
      count(*) as failures,
      count(*) != 0 as should_warn,
      count(*) != 0 as should_error
    from (
      
    
  
    
    



select risk_tier_id
from `bfsi-loan-analytics`.`bfsi_loans`.`dim_risk_tier`
where risk_tier_id is null



  
  
      
    ) dbt_internal_test
[0m01:25:29.791967 [debug] [Thread-4 (]: Opening a new connection, currently in state closed
[0m01:25:30.333223 [debug] [Thread-1 (]: SQL status: OK in 0.632 seconds
[0m01:25:30.495932 [debug] [Thread-3 (]: BigQuery adapter: https://console.cloud.google.com/bigquery?project=bfsi-loan-analytics&j=bq:US:22b68d3e-4015-4268-bf0c-8eca2bb4ea39&page=queryresults
[0m01:25:30.797254 [debug] [Thread-2 (]: BigQuery adapter: https://console.cloud.google.com/bigquery?project=bfsi-loan-analytics&j=bq:US:3f63f0af-53eb-408d-97cb-f80f912fde7b&page=queryresults
[0m01:25:30.964272 [debug] [Thread-4 (]: BigQuery adapter: https://console.cloud.google.com/bigquery?project=bfsi-loan-analytics&j=bq:US:9f5b3adb-ad7a-45f9-80c4-b66771debc74&page=queryresults
[0m01:25:31.013455 [debug] [Thread-3 (]: SQL status: OK in 0.516 seconds
[0m01:25:31.387920 [info ] [Thread-1 (]: 23 of 45 PASS unique_dim_dti_band_dti_band ..................................... [[32mPASS[0m in 2.79s]
[0m01:25:31.388919 [debug] [Thread-1 (]: Finished running node test.bfsi_dbt.unique_dim_dti_band_dti_band.d53638241d
[0m01:25:31.388919 [debug] [Thread-1 (]: Began running node test.bfsi_dbt.unique_dim_risk_tier_risk_tier.6ea245a468
[0m01:25:31.389915 [info ] [Thread-1 (]: 27 of 45 START test unique_dim_risk_tier_risk_tier ............................. [RUN]
[0m01:25:31.389915 [debug] [Thread-1 (]: Re-using an available connection from the pool (formerly test.bfsi_dbt.unique_dim_dti_band_dti_band.d53638241d, now test.bfsi_dbt.unique_dim_risk_tier_risk_tier.6ea245a468)
[0m01:25:31.389915 [debug] [Thread-1 (]: Began compiling node test.bfsi_dbt.unique_dim_risk_tier_risk_tier.6ea245a468
[0m01:25:31.393917 [debug] [Thread-1 (]: Writing injected SQL for node "test.bfsi_dbt.unique_dim_risk_tier_risk_tier.6ea245a468"
[0m01:25:31.394917 [debug] [Thread-1 (]: Began executing node test.bfsi_dbt.unique_dim_risk_tier_risk_tier.6ea245a468
[0m01:25:31.396917 [debug] [Thread-1 (]: Writing runtime sql for node "test.bfsi_dbt.unique_dim_risk_tier_risk_tier.6ea245a468"
[0m01:25:31.397916 [debug] [Thread-1 (]: On test.bfsi_dbt.unique_dim_risk_tier_risk_tier.6ea245a468: /* {"app": "dbt", "dbt_version": "1.11.12", "profile_name": "bfsi_dbt", "target_name": "dev", "node_id": "test.bfsi_dbt.unique_dim_risk_tier_risk_tier.6ea245a468"} */

    
    select
      count(*) as failures,
      count(*) != 0 as should_warn,
      count(*) != 0 as should_error
    from (
      
    
  
    
    

with dbt_test__target as (

  select risk_tier as unique_field
  from `bfsi-loan-analytics`.`bfsi_loans`.`dim_risk_tier`
  where risk_tier is not null

)

select
    unique_field,
    count(*) as n_records

from dbt_test__target
group by unique_field
having count(*) > 1



  
  
      
    ) dbt_internal_test
[0m01:25:31.397916 [debug] [Thread-1 (]: Opening a new connection, currently in state closed
[0m01:25:31.457999 [debug] [Thread-4 (]: SQL status: OK in 0.493 seconds
[0m01:25:31.860096 [debug] [Thread-2 (]: SQL status: OK in 1.062 seconds
[0m01:25:32.119133 [info ] [Thread-3 (]: 24 of 45 PASS unique_dim_dti_band_dti_band_id .................................. [[32mPASS[0m in 2.73s]
[0m01:25:32.120131 [debug] [Thread-3 (]: Finished running node test.bfsi_dbt.unique_dim_dti_band_dti_band_id.e4e6620662
[0m01:25:32.121131 [debug] [Thread-3 (]: Began running node test.bfsi_dbt.unique_dim_risk_tier_risk_tier_id.d2afda1e3a
[0m01:25:32.121131 [info ] [Thread-3 (]: 28 of 45 START test unique_dim_risk_tier_risk_tier_id .......................... [RUN]
[0m01:25:32.122131 [debug] [Thread-3 (]: Re-using an available connection from the pool (formerly test.bfsi_dbt.unique_dim_dti_band_dti_band_id.e4e6620662, now test.bfsi_dbt.unique_dim_risk_tier_risk_tier_id.d2afda1e3a)
[0m01:25:32.122131 [debug] [Thread-3 (]: Began compiling node test.bfsi_dbt.unique_dim_risk_tier_risk_tier_id.d2afda1e3a
[0m01:25:32.127131 [debug] [Thread-3 (]: Writing injected SQL for node "test.bfsi_dbt.unique_dim_risk_tier_risk_tier_id.d2afda1e3a"
[0m01:25:32.128130 [debug] [Thread-3 (]: Began executing node test.bfsi_dbt.unique_dim_risk_tier_risk_tier_id.d2afda1e3a
[0m01:25:32.132133 [debug] [Thread-3 (]: Writing runtime sql for node "test.bfsi_dbt.unique_dim_risk_tier_risk_tier_id.d2afda1e3a"
[0m01:25:32.133134 [debug] [Thread-3 (]: On test.bfsi_dbt.unique_dim_risk_tier_risk_tier_id.d2afda1e3a: /* {"app": "dbt", "dbt_version": "1.11.12", "profile_name": "bfsi_dbt", "target_name": "dev", "node_id": "test.bfsi_dbt.unique_dim_risk_tier_risk_tier_id.d2afda1e3a"} */

    
    select
      count(*) as failures,
      count(*) != 0 as should_warn,
      count(*) != 0 as should_error
    from (
      
    
  
    
    

with dbt_test__target as (

  select risk_tier_id as unique_field
  from `bfsi-loan-analytics`.`bfsi_loans`.`dim_risk_tier`
  where risk_tier_id is not null

)

select
    unique_field,
    count(*) as n_records

from dbt_test__target
group by unique_field
having count(*) > 1



  
  
      
    ) dbt_internal_test
[0m01:25:32.133134 [debug] [Thread-3 (]: Opening a new connection, currently in state closed
[0m01:25:32.415200 [info ] [Thread-4 (]: 26 of 45 PASS not_null_dim_risk_tier_risk_tier_id .............................. [[32mPASS[0m in 2.63s]
[0m01:25:32.415200 [debug] [Thread-4 (]: Finished running node test.bfsi_dbt.not_null_dim_risk_tier_risk_tier_id.7b9dcebed0
[0m01:25:32.560082 [debug] [Thread-1 (]: BigQuery adapter: https://console.cloud.google.com/bigquery?project=bfsi-loan-analytics&j=bq:US:5f2e290a-11e7-43cd-aba0-076dad082344&page=queryresults
[0m01:25:32.867417 [info ] [Thread-2 (]: 25 of 45 PASS not_null_dim_risk_tier_risk_tier ................................. [[32mPASS[0m in 3.10s]
[0m01:25:32.868414 [debug] [Thread-2 (]: Finished running node test.bfsi_dbt.not_null_dim_risk_tier_risk_tier.761c793c66
[0m01:25:32.984445 [debug] [Thread-1 (]: SQL status: OK in 0.423 seconds
[0m01:25:33.288800 [debug] [Thread-3 (]: BigQuery adapter: https://console.cloud.google.com/bigquery?project=bfsi-loan-analytics&j=bq:US:56136885-612a-46c5-bd77-4c586bb5f9b2&page=queryresults
[0m01:25:33.849012 [debug] [Thread-3 (]: SQL status: OK in 0.559 seconds
[0m01:25:33.969551 [info ] [Thread-1 (]: 27 of 45 PASS unique_dim_risk_tier_risk_tier ................................... [[32mPASS[0m in 2.58s]
[0m01:25:33.970552 [debug] [Thread-1 (]: Finished running node test.bfsi_dbt.unique_dim_risk_tier_risk_tier.6ea245a468
[0m01:25:34.853276 [info ] [Thread-3 (]: 28 of 45 PASS unique_dim_risk_tier_risk_tier_id ................................ [[32mPASS[0m in 2.73s]
[0m01:25:34.854276 [debug] [Thread-3 (]: Finished running node test.bfsi_dbt.unique_dim_risk_tier_risk_tier_id.d2afda1e3a
[0m01:25:34.854276 [debug] [Thread-4 (]: Began running node model.bfsi_dbt.fact_loans
[0m01:25:34.855275 [info ] [Thread-4 (]: 29 of 45 START sql table model bfsi_loans.fact_loans ........................... [RUN]
[0m01:25:34.856277 [debug] [Thread-4 (]: Re-using an available connection from the pool (formerly test.bfsi_dbt.not_null_dim_risk_tier_risk_tier_id.7b9dcebed0, now model.bfsi_dbt.fact_loans)
[0m01:25:34.856277 [debug] [Thread-4 (]: Began compiling node model.bfsi_dbt.fact_loans
[0m01:25:34.859276 [debug] [Thread-4 (]: Writing injected SQL for node "model.bfsi_dbt.fact_loans"
[0m01:25:34.860278 [debug] [Thread-4 (]: Began executing node model.bfsi_dbt.fact_loans
[0m01:25:34.863324 [debug] [Thread-4 (]: Writing runtime sql for node "model.bfsi_dbt.fact_loans"
[0m01:25:34.863324 [debug] [Thread-4 (]: On model.bfsi_dbt.fact_loans: /* {"app": "dbt", "dbt_version": "1.11.12", "profile_name": "bfsi_dbt", "target_name": "dev", "node_id": "model.bfsi_dbt.fact_loans"} */

  
    

    create or replace table `bfsi-loan-analytics`.`bfsi_loans`.`fact_loans`
      
    
    

    
    OPTIONS()
    as (
      with loans as (
    select * from `bfsi-loan-analytics`.`bfsi_loans_intermediate`.`int_loans_enriched`
),
dim_grade      as (select * from `bfsi-loan-analytics`.`bfsi_loans`.`dim_grade`),
dim_purpose    as (select * from `bfsi-loan-analytics`.`bfsi_loans`.`dim_purpose`),
dim_income_band as (select * from `bfsi-loan-analytics`.`bfsi_loans`.`dim_income_band`),
dim_dti_band   as (select * from `bfsi-loan-analytics`.`bfsi_loans`.`dim_dti_band`),
dim_risk_tier  as (select * from `bfsi-loan-analytics`.`bfsi_loans`.`dim_risk_tier`)

select
    -- surrogate key
    l.loan_id,

    -- foreign keys to dimension tables
    g.grade_id,
    p.purpose_id,
    i.income_band_id,
    d.dti_band_id,
    r.risk_tier_id,

    -- loan sizing
    l.loan_amnt,
    l.funded_amnt,
    l.funded_amnt_inv,
    l.term,
    l.int_rate,
    l.installment,

    -- borrower profile
    l.annual_inc,
    l.dti,
    l.fico_range_low,
    l.fico_range_high,
    l.home_ownership,
    l.verification_status,
    l.application_type,
    l.sub_grade,
    l.addr_state,

    -- credit health
    l.revol_bal,
    l.revol_util,
    l.open_acc,
    l.pub_rec,
    l.delinq_2yrs,

    -- payment performance
    l.total_pymnt,
    l.total_rec_prncp,
    l.total_rec_int,
    l.recoveries,
    l.out_prncp,

    -- time
    l.issue_date,
    l.issue_year,

    -- target
    l.loan_outcome,
    l.loan_status

from loans l
left join dim_grade       g on l.grade       = g.grade
left join dim_purpose     p on l.purpose     = p.purpose
left join dim_income_band i on l.income_band = i.income_band
left join dim_dti_band    d on l.dti_band    = d.dti_band
left join dim_risk_tier   r on l.risk_tier   = r.risk_tier
    );
  
[0m01:25:34.864709 [debug] [Thread-4 (]: Opening a new connection, currently in state closed
[0m01:25:35.930056 [debug] [Thread-4 (]: BigQuery adapter: https://console.cloud.google.com/bigquery?project=bfsi-loan-analytics&j=bq:US:85abc537-d93c-4cb2-8804-7f1d16c419ee&page=queryresults
[0m01:25:39.573408 [debug] [Thread-4 (]: SQL status: OK in 3.642 seconds
[0m01:25:40.032753 [debug] [Thread-4 (]: Sending event: {'category': 'dbt', 'action': 'run_model', 'label': '93f86b1a-90f1-4149-8530-bd7105f2361c', 'context': [<snowplow_tracker.self_describing_json.SelfDescribingJson object at 0x000001AAE3BCA690>]}
[0m01:25:40.032753 [info ] [Thread-4 (]: 29 of 45 OK created sql table model bfsi_loans.fact_loans ...................... [[32mCREATE TABLE (1.3m rows, 366.5 MiB processed)[0m in 5.18s]
[0m01:25:40.033749 [debug] [Thread-4 (]: Finished running node model.bfsi_dbt.fact_loans
[0m01:25:40.034748 [debug] [Thread-1 (]: Began running node test.bfsi_dbt.accepted_values_fact_loans_loan_outcome__0__1.3677ffabd2
[0m01:25:40.034748 [debug] [Thread-3 (]: Began running node test.bfsi_dbt.not_null_fact_loans_dti_band_id.7bcc8a0259
[0m01:25:40.035751 [debug] [Thread-2 (]: Began running node test.bfsi_dbt.not_null_fact_loans_grade_id.0abfb01b62
[0m01:25:40.034748 [info ] [Thread-1 (]: 30 of 45 START test accepted_values_fact_loans_loan_outcome__0__1 .............. [RUN]
[0m01:25:40.035751 [info ] [Thread-3 (]: 31 of 45 START test not_null_fact_loans_dti_band_id ............................ [RUN]
[0m01:25:40.035751 [debug] [Thread-4 (]: Began running node test.bfsi_dbt.not_null_fact_loans_income_band_id.72e92102bb
[0m01:25:40.036751 [info ] [Thread-2 (]: 32 of 45 START test not_null_fact_loans_grade_id ............................... [RUN]
[0m01:25:40.037749 [debug] [Thread-1 (]: Re-using an available connection from the pool (formerly test.bfsi_dbt.unique_dim_risk_tier_risk_tier.6ea245a468, now test.bfsi_dbt.accepted_values_fact_loans_loan_outcome__0__1.3677ffabd2)
[0m01:25:40.037749 [debug] [Thread-3 (]: Re-using an available connection from the pool (formerly test.bfsi_dbt.unique_dim_risk_tier_risk_tier_id.d2afda1e3a, now test.bfsi_dbt.not_null_fact_loans_dti_band_id.7bcc8a0259)
[0m01:25:40.038756 [info ] [Thread-4 (]: 33 of 45 START test not_null_fact_loans_income_band_id ......................... [RUN]
[0m01:25:40.038756 [debug] [Thread-2 (]: Re-using an available connection from the pool (formerly test.bfsi_dbt.not_null_dim_risk_tier_risk_tier.761c793c66, now test.bfsi_dbt.not_null_fact_loans_grade_id.0abfb01b62)
[0m01:25:40.038756 [debug] [Thread-1 (]: Began compiling node test.bfsi_dbt.accepted_values_fact_loans_loan_outcome__0__1.3677ffabd2
[0m01:25:40.039750 [debug] [Thread-3 (]: Began compiling node test.bfsi_dbt.not_null_fact_loans_dti_band_id.7bcc8a0259
[0m01:25:40.039750 [debug] [Thread-4 (]: Re-using an available connection from the pool (formerly model.bfsi_dbt.fact_loans, now test.bfsi_dbt.not_null_fact_loans_income_band_id.72e92102bb)
[0m01:25:40.039750 [debug] [Thread-2 (]: Began compiling node test.bfsi_dbt.not_null_fact_loans_grade_id.0abfb01b62
[0m01:25:40.043752 [debug] [Thread-1 (]: Writing injected SQL for node "test.bfsi_dbt.accepted_values_fact_loans_loan_outcome__0__1.3677ffabd2"
[0m01:25:40.047748 [debug] [Thread-3 (]: Writing injected SQL for node "test.bfsi_dbt.not_null_fact_loans_dti_band_id.7bcc8a0259"
[0m01:25:40.047748 [debug] [Thread-4 (]: Began compiling node test.bfsi_dbt.not_null_fact_loans_income_band_id.72e92102bb
[0m01:25:40.050750 [debug] [Thread-2 (]: Writing injected SQL for node "test.bfsi_dbt.not_null_fact_loans_grade_id.0abfb01b62"
[0m01:25:40.054989 [debug] [Thread-4 (]: Writing injected SQL for node "test.bfsi_dbt.not_null_fact_loans_income_band_id.72e92102bb"
[0m01:25:40.055986 [debug] [Thread-3 (]: Began executing node test.bfsi_dbt.not_null_fact_loans_dti_band_id.7bcc8a0259
[0m01:25:40.055986 [debug] [Thread-1 (]: Began executing node test.bfsi_dbt.accepted_values_fact_loans_loan_outcome__0__1.3677ffabd2
[0m01:25:40.059343 [debug] [Thread-3 (]: Writing runtime sql for node "test.bfsi_dbt.not_null_fact_loans_dti_band_id.7bcc8a0259"
[0m01:25:40.061345 [debug] [Thread-1 (]: Writing runtime sql for node "test.bfsi_dbt.accepted_values_fact_loans_loan_outcome__0__1.3677ffabd2"
[0m01:25:40.061345 [debug] [Thread-4 (]: Began executing node test.bfsi_dbt.not_null_fact_loans_income_band_id.72e92102bb
[0m01:25:40.063343 [debug] [Thread-2 (]: Began executing node test.bfsi_dbt.not_null_fact_loans_grade_id.0abfb01b62
[0m01:25:40.065464 [debug] [Thread-4 (]: Writing runtime sql for node "test.bfsi_dbt.not_null_fact_loans_income_band_id.72e92102bb"
[0m01:25:40.067463 [debug] [Thread-2 (]: Writing runtime sql for node "test.bfsi_dbt.not_null_fact_loans_grade_id.0abfb01b62"
[0m01:25:40.068462 [debug] [Thread-1 (]: On test.bfsi_dbt.accepted_values_fact_loans_loan_outcome__0__1.3677ffabd2: /* {"app": "dbt", "dbt_version": "1.11.12", "profile_name": "bfsi_dbt", "target_name": "dev", "node_id": "test.bfsi_dbt.accepted_values_fact_loans_loan_outcome__0__1.3677ffabd2"} */

    
    select
      count(*) as failures,
      count(*) != 0 as should_warn,
      count(*) != 0 as should_error
    from (
      
    
  
    
    

with all_values as (

    select
        loan_outcome as value_field,
        count(*) as n_records

    from `bfsi-loan-analytics`.`bfsi_loans`.`fact_loans`
    group by loan_outcome

)

select *
from all_values
where value_field not in (
    '0','1'
)



  
  
      
    ) dbt_internal_test
[0m01:25:40.068462 [debug] [Thread-1 (]: Opening a new connection, currently in state closed
[0m01:25:40.069462 [debug] [Thread-3 (]: On test.bfsi_dbt.not_null_fact_loans_dti_band_id.7bcc8a0259: /* {"app": "dbt", "dbt_version": "1.11.12", "profile_name": "bfsi_dbt", "target_name": "dev", "node_id": "test.bfsi_dbt.not_null_fact_loans_dti_band_id.7bcc8a0259"} */

    
    select
      count(*) as failures,
      count(*) != 0 as should_warn,
      count(*) != 0 as should_error
    from (
      
    
  
    
    



select dti_band_id
from `bfsi-loan-analytics`.`bfsi_loans`.`fact_loans`
where dti_band_id is null



  
  
      
    ) dbt_internal_test
[0m01:25:40.070463 [debug] [Thread-3 (]: Opening a new connection, currently in state closed
[0m01:25:40.070463 [debug] [Thread-4 (]: On test.bfsi_dbt.not_null_fact_loans_income_band_id.72e92102bb: /* {"app": "dbt", "dbt_version": "1.11.12", "profile_name": "bfsi_dbt", "target_name": "dev", "node_id": "test.bfsi_dbt.not_null_fact_loans_income_band_id.72e92102bb"} */

    
    select
      count(*) as failures,
      count(*) != 0 as should_warn,
      count(*) != 0 as should_error
    from (
      
    
  
    
    



select income_band_id
from `bfsi-loan-analytics`.`bfsi_loans`.`fact_loans`
where income_band_id is null



  
  
      
    ) dbt_internal_test
[0m01:25:40.071462 [debug] [Thread-4 (]: Opening a new connection, currently in state closed
[0m01:25:40.073462 [debug] [Thread-2 (]: On test.bfsi_dbt.not_null_fact_loans_grade_id.0abfb01b62: /* {"app": "dbt", "dbt_version": "1.11.12", "profile_name": "bfsi_dbt", "target_name": "dev", "node_id": "test.bfsi_dbt.not_null_fact_loans_grade_id.0abfb01b62"} */

    
    select
      count(*) as failures,
      count(*) != 0 as should_warn,
      count(*) != 0 as should_error
    from (
      
    
  
    
    



select grade_id
from `bfsi-loan-analytics`.`bfsi_loans`.`fact_loans`
where grade_id is null



  
  
      
    ) dbt_internal_test
[0m01:25:40.073462 [debug] [Thread-2 (]: Opening a new connection, currently in state closed
[0m01:25:40.958595 [debug] [Thread-1 (]: BigQuery adapter: https://console.cloud.google.com/bigquery?project=bfsi-loan-analytics&j=bq:US:5197c0b8-64c4-45bf-8f1a-11521480956c&page=queryresults
[0m01:25:40.958595 [error] [Thread-1 (]: BigQuery adapter: https://console.cloud.google.com/bigquery?project=bfsi-loan-analytics&j=bq:US:5197c0b8-64c4-45bf-8f1a-11521480956c&page=queryresults
[0m01:25:40.970592 [debug] [Thread-1 (]: Database Error in test accepted_values_fact_loans_loan_outcome__0__1 (models\marts\schema.yml)
  No matching signature for operator IN for argument types INT64 and {STRING} at [28:23]
  compiled code at target\run\bfsi_dbt\models\marts\schema.yml\accepted_values_fact_loans_loan_outcome__0__1.sql
[0m01:25:40.971591 [error] [Thread-1 (]: 30 of 45 ERROR accepted_values_fact_loans_loan_outcome__0__1 ................... [[31mERROR[0m in 0.93s]
[0m01:25:40.971591 [debug] [Thread-1 (]: Finished running node test.bfsi_dbt.accepted_values_fact_loans_loan_outcome__0__1.3677ffabd2
[0m01:25:40.972591 [debug] [Thread-1 (]: Began running node test.bfsi_dbt.not_null_fact_loans_issue_year.891a0d74e6
[0m01:25:40.972591 [debug] [Thread-7 (]: Marking all children of 'test.bfsi_dbt.accepted_values_fact_loans_loan_outcome__0__1.3677ffabd2' to be skipped because of status 'error'.  Reason: Database Error in test accepted_values_fact_loans_loan_outcome__0__1 (models\marts\schema.yml)
  No matching signature for operator IN for argument types INT64 and {STRING} at [28:23]
  compiled code at target\run\bfsi_dbt\models\marts\schema.yml\accepted_values_fact_loans_loan_outcome__0__1.sql.
[0m01:25:40.972591 [info ] [Thread-1 (]: 34 of 45 START test not_null_fact_loans_issue_year ............................. [RUN]
[0m01:25:40.973592 [debug] [Thread-1 (]: Re-using an available connection from the pool (formerly test.bfsi_dbt.accepted_values_fact_loans_loan_outcome__0__1.3677ffabd2, now test.bfsi_dbt.not_null_fact_loans_issue_year.891a0d74e6)
[0m01:25:40.973592 [debug] [Thread-1 (]: Began compiling node test.bfsi_dbt.not_null_fact_loans_issue_year.891a0d74e6
[0m01:25:40.977593 [debug] [Thread-1 (]: Writing injected SQL for node "test.bfsi_dbt.not_null_fact_loans_issue_year.891a0d74e6"
[0m01:25:40.978593 [debug] [Thread-1 (]: Began executing node test.bfsi_dbt.not_null_fact_loans_issue_year.891a0d74e6
[0m01:25:40.980591 [debug] [Thread-1 (]: Writing runtime sql for node "test.bfsi_dbt.not_null_fact_loans_issue_year.891a0d74e6"
[0m01:25:40.981593 [debug] [Thread-1 (]: On test.bfsi_dbt.not_null_fact_loans_issue_year.891a0d74e6: /* {"app": "dbt", "dbt_version": "1.11.12", "profile_name": "bfsi_dbt", "target_name": "dev", "node_id": "test.bfsi_dbt.not_null_fact_loans_issue_year.891a0d74e6"} */

    
    select
      count(*) as failures,
      count(*) != 0 as should_warn,
      count(*) != 0 as should_error
    from (
      
    
  
    
    



select issue_year
from `bfsi-loan-analytics`.`bfsi_loans`.`fact_loans`
where issue_year is null



  
  
      
    ) dbt_internal_test
[0m01:25:40.982591 [debug] [Thread-1 (]: Opening a new connection, currently in state closed
[0m01:25:41.100205 [debug] [Thread-3 (]: BigQuery adapter: https://console.cloud.google.com/bigquery?project=bfsi-loan-analytics&j=bq:US:f2a51f6b-cef9-4e03-9b26-1d559faa3f43&page=queryresults
[0m01:25:41.166030 [debug] [Thread-4 (]: BigQuery adapter: https://console.cloud.google.com/bigquery?project=bfsi-loan-analytics&j=bq:US:1e7e4971-f62f-406a-b9f8-ff7f6d5efb43&page=queryresults
[0m01:25:41.369220 [debug] [Thread-2 (]: BigQuery adapter: https://console.cloud.google.com/bigquery?project=bfsi-loan-analytics&j=bq:US:8e2207c0-424d-4978-a81c-90fdde1de31b&page=queryresults
[0m01:25:41.580807 [debug] [Thread-3 (]: SQL status: OK in 0.480 seconds
[0m01:25:41.633439 [debug] [Thread-4 (]: SQL status: OK in 0.467 seconds
[0m01:25:41.840920 [debug] [Thread-2 (]: SQL status: OK in 0.471 seconds
[0m01:25:42.137459 [debug] [Thread-1 (]: BigQuery adapter: https://console.cloud.google.com/bigquery?project=bfsi-loan-analytics&j=bq:US:3ec4759d-1087-434b-ab4b-2c97857b2f0e&page=queryresults
[0m01:25:42.565717 [info ] [Thread-4 (]: 33 of 45 PASS not_null_fact_loans_income_band_id ............................... [[32mPASS[0m in 2.53s]
[0m01:25:42.565717 [debug] [Thread-4 (]: Finished running node test.bfsi_dbt.not_null_fact_loans_income_band_id.72e92102bb
[0m01:25:42.566719 [debug] [Thread-4 (]: Began running node test.bfsi_dbt.not_null_fact_loans_loan_amnt.db699070a2
[0m01:25:42.566719 [info ] [Thread-4 (]: 35 of 45 START test not_null_fact_loans_loan_amnt .............................. [RUN]
[0m01:25:42.567718 [debug] [Thread-4 (]: Re-using an available connection from the pool (formerly test.bfsi_dbt.not_null_fact_loans_income_band_id.72e92102bb, now test.bfsi_dbt.not_null_fact_loans_loan_amnt.db699070a2)
[0m01:25:42.567718 [debug] [Thread-4 (]: Began compiling node test.bfsi_dbt.not_null_fact_loans_loan_amnt.db699070a2
[0m01:25:42.571716 [debug] [Thread-4 (]: Writing injected SQL for node "test.bfsi_dbt.not_null_fact_loans_loan_amnt.db699070a2"
[0m01:25:42.572716 [debug] [Thread-4 (]: Began executing node test.bfsi_dbt.not_null_fact_loans_loan_amnt.db699070a2
[0m01:25:42.575195 [debug] [Thread-4 (]: Writing runtime sql for node "test.bfsi_dbt.not_null_fact_loans_loan_amnt.db699070a2"
[0m01:25:42.576257 [debug] [Thread-4 (]: On test.bfsi_dbt.not_null_fact_loans_loan_amnt.db699070a2: /* {"app": "dbt", "dbt_version": "1.11.12", "profile_name": "bfsi_dbt", "target_name": "dev", "node_id": "test.bfsi_dbt.not_null_fact_loans_loan_amnt.db699070a2"} */

    
    select
      count(*) as failures,
      count(*) != 0 as should_warn,
      count(*) != 0 as should_error
    from (
      
    
  
    
    



select loan_amnt
from `bfsi-loan-analytics`.`bfsi_loans`.`fact_loans`
where loan_amnt is null



  
  
      
    ) dbt_internal_test
[0m01:25:42.576257 [debug] [Thread-4 (]: Opening a new connection, currently in state closed
[0m01:25:42.618742 [debug] [Thread-1 (]: SQL status: OK in 0.481 seconds
[0m01:25:42.625737 [info ] [Thread-3 (]: 31 of 45 PASS not_null_fact_loans_dti_band_id .................................. [[32mPASS[0m in 2.59s]
[0m01:25:42.626737 [debug] [Thread-3 (]: Finished running node test.bfsi_dbt.not_null_fact_loans_dti_band_id.7bcc8a0259
[0m01:25:42.626737 [debug] [Thread-3 (]: Began running node test.bfsi_dbt.not_null_fact_loans_loan_id.fbdba74499
[0m01:25:42.626737 [info ] [Thread-3 (]: 36 of 45 START test not_null_fact_loans_loan_id ................................ [RUN]
[0m01:25:42.627737 [debug] [Thread-3 (]: Re-using an available connection from the pool (formerly test.bfsi_dbt.not_null_fact_loans_dti_band_id.7bcc8a0259, now test.bfsi_dbt.not_null_fact_loans_loan_id.fbdba74499)
[0m01:25:42.627737 [debug] [Thread-3 (]: Began compiling node test.bfsi_dbt.not_null_fact_loans_loan_id.fbdba74499
[0m01:25:42.631736 [debug] [Thread-3 (]: Writing injected SQL for node "test.bfsi_dbt.not_null_fact_loans_loan_id.fbdba74499"
[0m01:25:42.632738 [debug] [Thread-3 (]: Began executing node test.bfsi_dbt.not_null_fact_loans_loan_id.fbdba74499
[0m01:25:42.636736 [debug] [Thread-3 (]: Writing runtime sql for node "test.bfsi_dbt.not_null_fact_loans_loan_id.fbdba74499"
[0m01:25:42.636736 [debug] [Thread-3 (]: On test.bfsi_dbt.not_null_fact_loans_loan_id.fbdba74499: /* {"app": "dbt", "dbt_version": "1.11.12", "profile_name": "bfsi_dbt", "target_name": "dev", "node_id": "test.bfsi_dbt.not_null_fact_loans_loan_id.fbdba74499"} */

    
    select
      count(*) as failures,
      count(*) != 0 as should_warn,
      count(*) != 0 as should_error
    from (
      
    
  
    
    



select loan_id
from `bfsi-loan-analytics`.`bfsi_loans`.`fact_loans`
where loan_id is null



  
  
      
    ) dbt_internal_test
[0m01:25:42.638089 [debug] [Thread-3 (]: Opening a new connection, currently in state closed
[0m01:25:42.716708 [info ] [Thread-2 (]: 32 of 45 PASS not_null_fact_loans_grade_id ..................................... [[32mPASS[0m in 2.68s]
[0m01:25:42.717706 [debug] [Thread-2 (]: Finished running node test.bfsi_dbt.not_null_fact_loans_grade_id.0abfb01b62
[0m01:25:42.717706 [debug] [Thread-2 (]: Began running node test.bfsi_dbt.not_null_fact_loans_loan_outcome.5bc3379909
[0m01:25:42.718710 [info ] [Thread-2 (]: 37 of 45 START test not_null_fact_loans_loan_outcome ........................... [RUN]
[0m01:25:42.718710 [debug] [Thread-2 (]: Re-using an available connection from the pool (formerly test.bfsi_dbt.not_null_fact_loans_grade_id.0abfb01b62, now test.bfsi_dbt.not_null_fact_loans_loan_outcome.5bc3379909)
[0m01:25:42.719706 [debug] [Thread-2 (]: Began compiling node test.bfsi_dbt.not_null_fact_loans_loan_outcome.5bc3379909
[0m01:25:42.723101 [debug] [Thread-2 (]: Writing injected SQL for node "test.bfsi_dbt.not_null_fact_loans_loan_outcome.5bc3379909"
[0m01:25:42.724107 [debug] [Thread-2 (]: Began executing node test.bfsi_dbt.not_null_fact_loans_loan_outcome.5bc3379909
[0m01:25:42.726111 [debug] [Thread-2 (]: Writing runtime sql for node "test.bfsi_dbt.not_null_fact_loans_loan_outcome.5bc3379909"
[0m01:25:42.727109 [debug] [Thread-2 (]: On test.bfsi_dbt.not_null_fact_loans_loan_outcome.5bc3379909: /* {"app": "dbt", "dbt_version": "1.11.12", "profile_name": "bfsi_dbt", "target_name": "dev", "node_id": "test.bfsi_dbt.not_null_fact_loans_loan_outcome.5bc3379909"} */

    
    select
      count(*) as failures,
      count(*) != 0 as should_warn,
      count(*) != 0 as should_error
    from (
      
    
  
    
    



select loan_outcome
from `bfsi-loan-analytics`.`bfsi_loans`.`fact_loans`
where loan_outcome is null



  
  
      
    ) dbt_internal_test
[0m01:25:42.728546 [debug] [Thread-2 (]: Opening a new connection, currently in state closed
[0m01:25:43.616733 [debug] [Thread-4 (]: BigQuery adapter: https://console.cloud.google.com/bigquery?project=bfsi-loan-analytics&j=bq:US:96fafd04-608f-421b-bc51-555f57309983&page=queryresults
[0m01:25:43.617738 [info ] [Thread-1 (]: 34 of 45 PASS not_null_fact_loans_issue_year ................................... [[32mPASS[0m in 2.64s]
[0m01:25:43.618740 [debug] [Thread-1 (]: Finished running node test.bfsi_dbt.not_null_fact_loans_issue_year.891a0d74e6
[0m01:25:43.619739 [debug] [Thread-1 (]: Began running node test.bfsi_dbt.not_null_fact_loans_purpose_id.94f2995640
[0m01:25:43.619739 [info ] [Thread-1 (]: 38 of 45 START test not_null_fact_loans_purpose_id ............................. [RUN]
[0m01:25:43.620739 [debug] [Thread-1 (]: Re-using an available connection from the pool (formerly test.bfsi_dbt.not_null_fact_loans_issue_year.891a0d74e6, now test.bfsi_dbt.not_null_fact_loans_purpose_id.94f2995640)
[0m01:25:43.620739 [debug] [Thread-1 (]: Began compiling node test.bfsi_dbt.not_null_fact_loans_purpose_id.94f2995640
[0m01:25:43.623740 [debug] [Thread-1 (]: Writing injected SQL for node "test.bfsi_dbt.not_null_fact_loans_purpose_id.94f2995640"
[0m01:25:43.625740 [debug] [Thread-1 (]: Began executing node test.bfsi_dbt.not_null_fact_loans_purpose_id.94f2995640
[0m01:25:43.627739 [debug] [Thread-1 (]: Writing runtime sql for node "test.bfsi_dbt.not_null_fact_loans_purpose_id.94f2995640"
[0m01:25:43.628738 [debug] [Thread-1 (]: On test.bfsi_dbt.not_null_fact_loans_purpose_id.94f2995640: /* {"app": "dbt", "dbt_version": "1.11.12", "profile_name": "bfsi_dbt", "target_name": "dev", "node_id": "test.bfsi_dbt.not_null_fact_loans_purpose_id.94f2995640"} */

    
    select
      count(*) as failures,
      count(*) != 0 as should_warn,
      count(*) != 0 as should_error
    from (
      
    
  
    
    



select purpose_id
from `bfsi-loan-analytics`.`bfsi_loans`.`fact_loans`
where purpose_id is null



  
  
      
    ) dbt_internal_test
[0m01:25:43.628738 [debug] [Thread-1 (]: Opening a new connection, currently in state closed
[0m01:25:43.772264 [debug] [Thread-3 (]: BigQuery adapter: https://console.cloud.google.com/bigquery?project=bfsi-loan-analytics&j=bq:US:13e38da3-ccce-4970-8daa-a13c6434a341&page=queryresults
[0m01:25:43.976776 [debug] [Thread-2 (]: BigQuery adapter: https://console.cloud.google.com/bigquery?project=bfsi-loan-analytics&j=bq:US:1bdb3d79-6d9b-46dd-89d6-2f50411ae154&page=queryresults
[0m01:25:44.174832 [debug] [Thread-4 (]: SQL status: OK in 0.556 seconds
[0m01:25:44.204934 [debug] [Thread-3 (]: SQL status: OK in 0.431 seconds
[0m01:25:44.567738 [debug] [Thread-2 (]: SQL status: OK in 0.590 seconds
[0m01:25:44.648193 [debug] [Thread-1 (]: BigQuery adapter: https://console.cloud.google.com/bigquery?project=bfsi-loan-analytics&j=bq:US:d3d30f45-3713-4414-925b-0a94fd9c312b&page=queryresults
[0m01:25:45.065647 [info ] [Thread-4 (]: 35 of 45 PASS not_null_fact_loans_loan_amnt .................................... [[32mPASS[0m in 2.50s]
[0m01:25:45.066648 [debug] [Thread-4 (]: Finished running node test.bfsi_dbt.not_null_fact_loans_loan_amnt.db699070a2
[0m01:25:45.066648 [debug] [Thread-4 (]: Began running node test.bfsi_dbt.not_null_fact_loans_risk_tier_id.aa8b86caf7
[0m01:25:45.066648 [info ] [Thread-4 (]: 39 of 45 START test not_null_fact_loans_risk_tier_id ........................... [RUN]
[0m01:25:45.067648 [debug] [Thread-4 (]: Re-using an available connection from the pool (formerly test.bfsi_dbt.not_null_fact_loans_loan_amnt.db699070a2, now test.bfsi_dbt.not_null_fact_loans_risk_tier_id.aa8b86caf7)
[0m01:25:45.067648 [debug] [Thread-4 (]: Began compiling node test.bfsi_dbt.not_null_fact_loans_risk_tier_id.aa8b86caf7
[0m01:25:45.071644 [debug] [Thread-4 (]: Writing injected SQL for node "test.bfsi_dbt.not_null_fact_loans_risk_tier_id.aa8b86caf7"
[0m01:25:45.072645 [debug] [Thread-4 (]: Began executing node test.bfsi_dbt.not_null_fact_loans_risk_tier_id.aa8b86caf7
[0m01:25:45.074652 [debug] [Thread-4 (]: Writing runtime sql for node "test.bfsi_dbt.not_null_fact_loans_risk_tier_id.aa8b86caf7"
[0m01:25:45.075650 [debug] [Thread-4 (]: On test.bfsi_dbt.not_null_fact_loans_risk_tier_id.aa8b86caf7: /* {"app": "dbt", "dbt_version": "1.11.12", "profile_name": "bfsi_dbt", "target_name": "dev", "node_id": "test.bfsi_dbt.not_null_fact_loans_risk_tier_id.aa8b86caf7"} */

    
    select
      count(*) as failures,
      count(*) != 0 as should_warn,
      count(*) != 0 as should_error
    from (
      
    
  
    
    



select risk_tier_id
from `bfsi-loan-analytics`.`bfsi_loans`.`fact_loans`
where risk_tier_id is null



  
  
      
    ) dbt_internal_test
[0m01:25:45.075650 [debug] [Thread-4 (]: Opening a new connection, currently in state closed
[0m01:25:45.106808 [debug] [Thread-1 (]: SQL status: OK in 0.457 seconds
[0m01:25:45.162192 [info ] [Thread-3 (]: 36 of 45 PASS not_null_fact_loans_loan_id ...................................... [[32mPASS[0m in 2.53s]
[0m01:25:45.163193 [debug] [Thread-3 (]: Finished running node test.bfsi_dbt.not_null_fact_loans_loan_id.fbdba74499
[0m01:25:45.163193 [debug] [Thread-3 (]: Began running node test.bfsi_dbt.relationships_fact_loans_dti_band_id__dti_band_id__ref_dim_dti_band_.f6c3bc0c15
[0m01:25:45.164190 [info ] [Thread-3 (]: 40 of 45 START test relationships_fact_loans_dti_band_id__dti_band_id__ref_dim_dti_band_  [RUN]
[0m01:25:45.164190 [debug] [Thread-3 (]: Re-using an available connection from the pool (formerly test.bfsi_dbt.not_null_fact_loans_loan_id.fbdba74499, now test.bfsi_dbt.relationships_fact_loans_dti_band_id__dti_band_id__ref_dim_dti_band_.f6c3bc0c15)
[0m01:25:45.164190 [debug] [Thread-3 (]: Began compiling node test.bfsi_dbt.relationships_fact_loans_dti_band_id__dti_band_id__ref_dim_dti_band_.f6c3bc0c15
[0m01:25:45.169192 [debug] [Thread-3 (]: Writing injected SQL for node "test.bfsi_dbt.relationships_fact_loans_dti_band_id__dti_band_id__ref_dim_dti_band_.f6c3bc0c15"
[0m01:25:45.170194 [debug] [Thread-3 (]: Began executing node test.bfsi_dbt.relationships_fact_loans_dti_band_id__dti_band_id__ref_dim_dti_band_.f6c3bc0c15
[0m01:25:45.172197 [debug] [Thread-3 (]: Writing runtime sql for node "test.bfsi_dbt.relationships_fact_loans_dti_band_id__dti_band_id__ref_dim_dti_band_.f6c3bc0c15"
[0m01:25:45.173193 [debug] [Thread-3 (]: On test.bfsi_dbt.relationships_fact_loans_dti_band_id__dti_band_id__ref_dim_dti_band_.f6c3bc0c15: /* {"app": "dbt", "dbt_version": "1.11.12", "profile_name": "bfsi_dbt", "target_name": "dev", "node_id": "test.bfsi_dbt.relationships_fact_loans_dti_band_id__dti_band_id__ref_dim_dti_band_.f6c3bc0c15"} */

    
    select
      count(*) as failures,
      count(*) != 0 as should_warn,
      count(*) != 0 as should_error
    from (
      
    
  
    
    

with child as (
    select dti_band_id as from_field
    from `bfsi-loan-analytics`.`bfsi_loans`.`fact_loans`
    where dti_band_id is not null
),

parent as (
    select dti_band_id as to_field
    from `bfsi-loan-analytics`.`bfsi_loans`.`dim_dti_band`
)

select
    from_field

from child
left join parent
    on child.from_field = parent.to_field

where parent.to_field is null



  
  
      
    ) dbt_internal_test
[0m01:25:45.174193 [debug] [Thread-3 (]: Opening a new connection, currently in state closed
[0m01:25:45.507782 [info ] [Thread-2 (]: 37 of 45 PASS not_null_fact_loans_loan_outcome ................................. [[32mPASS[0m in 2.79s]
[0m01:25:45.508782 [debug] [Thread-2 (]: Finished running node test.bfsi_dbt.not_null_fact_loans_loan_outcome.5bc3379909
[0m01:25:45.509785 [debug] [Thread-2 (]: Began running node test.bfsi_dbt.relationships_fact_loans_grade_id__grade_id__ref_dim_grade_.9808f2e746
[0m01:25:45.509785 [info ] [Thread-2 (]: 41 of 45 START test relationships_fact_loans_grade_id__grade_id__ref_dim_grade_  [RUN]
[0m01:25:45.509785 [debug] [Thread-2 (]: Re-using an available connection from the pool (formerly test.bfsi_dbt.not_null_fact_loans_loan_outcome.5bc3379909, now test.bfsi_dbt.relationships_fact_loans_grade_id__grade_id__ref_dim_grade_.9808f2e746)
[0m01:25:45.510778 [debug] [Thread-2 (]: Began compiling node test.bfsi_dbt.relationships_fact_loans_grade_id__grade_id__ref_dim_grade_.9808f2e746
[0m01:25:45.515781 [debug] [Thread-2 (]: Writing injected SQL for node "test.bfsi_dbt.relationships_fact_loans_grade_id__grade_id__ref_dim_grade_.9808f2e746"
[0m01:25:45.516780 [debug] [Thread-2 (]: Began executing node test.bfsi_dbt.relationships_fact_loans_grade_id__grade_id__ref_dim_grade_.9808f2e746
[0m01:25:45.518780 [debug] [Thread-2 (]: Writing runtime sql for node "test.bfsi_dbt.relationships_fact_loans_grade_id__grade_id__ref_dim_grade_.9808f2e746"
[0m01:25:45.519778 [debug] [Thread-2 (]: On test.bfsi_dbt.relationships_fact_loans_grade_id__grade_id__ref_dim_grade_.9808f2e746: /* {"app": "dbt", "dbt_version": "1.11.12", "profile_name": "bfsi_dbt", "target_name": "dev", "node_id": "test.bfsi_dbt.relationships_fact_loans_grade_id__grade_id__ref_dim_grade_.9808f2e746"} */

    
    select
      count(*) as failures,
      count(*) != 0 as should_warn,
      count(*) != 0 as should_error
    from (
      
    
  
    
    

with child as (
    select grade_id as from_field
    from `bfsi-loan-analytics`.`bfsi_loans`.`fact_loans`
    where grade_id is not null
),

parent as (
    select grade_id as to_field
    from `bfsi-loan-analytics`.`bfsi_loans`.`dim_grade`
)

select
    from_field

from child
left join parent
    on child.from_field = parent.to_field

where parent.to_field is null



  
  
      
    ) dbt_internal_test
[0m01:25:45.520779 [debug] [Thread-2 (]: Opening a new connection, currently in state closed
[0m01:25:46.265632 [debug] [Thread-3 (]: BigQuery adapter: https://console.cloud.google.com/bigquery?project=bfsi-loan-analytics&j=bq:US:0a629264-32cb-4152-b526-bf204e41526c&page=queryresults
[0m01:25:46.449262 [info ] [Thread-1 (]: 38 of 45 PASS not_null_fact_loans_purpose_id ................................... [[32mPASS[0m in 2.83s]
[0m01:25:46.449262 [debug] [Thread-1 (]: Finished running node test.bfsi_dbt.not_null_fact_loans_purpose_id.94f2995640
[0m01:25:46.450262 [debug] [Thread-1 (]: Began running node test.bfsi_dbt.relationships_fact_loans_income_band_id__income_band_id__ref_dim_income_band_.3347da5957
[0m01:25:46.450262 [info ] [Thread-1 (]: 42 of 45 START test relationships_fact_loans_income_band_id__income_band_id__ref_dim_income_band_  [RUN]
[0m01:25:46.451261 [debug] [Thread-1 (]: Re-using an available connection from the pool (formerly test.bfsi_dbt.not_null_fact_loans_purpose_id.94f2995640, now test.bfsi_dbt.relationships_fact_loans_income_band_id__income_band_id__ref_dim_income_band_.3347da5957)
[0m01:25:46.451261 [debug] [Thread-1 (]: Began compiling node test.bfsi_dbt.relationships_fact_loans_income_band_id__income_band_id__ref_dim_income_band_.3347da5957
[0m01:25:46.455262 [debug] [Thread-1 (]: Writing injected SQL for node "test.bfsi_dbt.relationships_fact_loans_income_band_id__income_band_id__ref_dim_income_band_.3347da5957"
[0m01:25:46.456264 [debug] [Thread-1 (]: Began executing node test.bfsi_dbt.relationships_fact_loans_income_band_id__income_band_id__ref_dim_income_band_.3347da5957
[0m01:25:46.458262 [debug] [Thread-1 (]: Writing runtime sql for node "test.bfsi_dbt.relationships_fact_loans_income_band_id__income_band_id__ref_dim_income_band_.3347da5957"
[0m01:25:46.459261 [debug] [Thread-1 (]: On test.bfsi_dbt.relationships_fact_loans_income_band_id__income_band_id__ref_dim_income_band_.3347da5957: /* {"app": "dbt", "dbt_version": "1.11.12", "profile_name": "bfsi_dbt", "target_name": "dev", "node_id": "test.bfsi_dbt.relationships_fact_loans_income_band_id__income_band_id__ref_dim_income_band_.3347da5957"} */

    
    select
      count(*) as failures,
      count(*) != 0 as should_warn,
      count(*) != 0 as should_error
    from (
      
    
  
    
    

with child as (
    select income_band_id as from_field
    from `bfsi-loan-analytics`.`bfsi_loans`.`fact_loans`
    where income_band_id is not null
),

parent as (
    select income_band_id as to_field
    from `bfsi-loan-analytics`.`bfsi_loans`.`dim_income_band`
)

select
    from_field

from child
left join parent
    on child.from_field = parent.to_field

where parent.to_field is null



  
  
      
    ) dbt_internal_test
[0m01:25:46.459261 [debug] [Thread-1 (]: Opening a new connection, currently in state closed
[0m01:25:46.506167 [debug] [Thread-4 (]: BigQuery adapter: https://console.cloud.google.com/bigquery?project=bfsi-loan-analytics&j=bq:US:420e8b4d-b3d4-4d2e-9e1f-4b83be69118a&page=queryresults
[0m01:25:46.521071 [debug] [Thread-2 (]: BigQuery adapter: https://console.cloud.google.com/bigquery?project=bfsi-loan-analytics&j=bq:US:d02c49f4-4934-468c-86b1-a48ee1980d04&page=queryresults
[0m01:25:46.690845 [debug] [Thread-3 (]: SQL status: OK in 0.424 seconds
[0m01:25:46.932687 [debug] [Thread-4 (]: SQL status: OK in 0.426 seconds
[0m01:25:47.025921 [debug] [Thread-2 (]: SQL status: OK in 0.504 seconds
[0m01:25:47.524082 [debug] [Thread-1 (]: BigQuery adapter: https://console.cloud.google.com/bigquery?project=bfsi-loan-analytics&j=bq:US:91886f79-7039-4c8c-8f8a-89455b28a15a&page=queryresults
[0m01:25:47.658284 [info ] [Thread-3 (]: 40 of 45 PASS relationships_fact_loans_dti_band_id__dti_band_id__ref_dim_dti_band_  [[32mPASS[0m in 2.49s]
[0m01:25:47.658284 [debug] [Thread-3 (]: Finished running node test.bfsi_dbt.relationships_fact_loans_dti_band_id__dti_band_id__ref_dim_dti_band_.f6c3bc0c15
[0m01:25:47.659284 [debug] [Thread-3 (]: Began running node test.bfsi_dbt.relationships_fact_loans_purpose_id__purpose_id__ref_dim_purpose_.08dc62b0cb
[0m01:25:47.659284 [info ] [Thread-3 (]: 43 of 45 START test relationships_fact_loans_purpose_id__purpose_id__ref_dim_purpose_  [RUN]
[0m01:25:47.660284 [debug] [Thread-3 (]: Re-using an available connection from the pool (formerly test.bfsi_dbt.relationships_fact_loans_dti_band_id__dti_band_id__ref_dim_dti_band_.f6c3bc0c15, now test.bfsi_dbt.relationships_fact_loans_purpose_id__purpose_id__ref_dim_purpose_.08dc62b0cb)
[0m01:25:47.661284 [debug] [Thread-3 (]: Began compiling node test.bfsi_dbt.relationships_fact_loans_purpose_id__purpose_id__ref_dim_purpose_.08dc62b0cb
[0m01:25:47.666285 [debug] [Thread-3 (]: Writing injected SQL for node "test.bfsi_dbt.relationships_fact_loans_purpose_id__purpose_id__ref_dim_purpose_.08dc62b0cb"
[0m01:25:47.668613 [debug] [Thread-3 (]: Began executing node test.bfsi_dbt.relationships_fact_loans_purpose_id__purpose_id__ref_dim_purpose_.08dc62b0cb
[0m01:25:47.670850 [debug] [Thread-3 (]: Writing runtime sql for node "test.bfsi_dbt.relationships_fact_loans_purpose_id__purpose_id__ref_dim_purpose_.08dc62b0cb"
[0m01:25:47.671984 [debug] [Thread-3 (]: On test.bfsi_dbt.relationships_fact_loans_purpose_id__purpose_id__ref_dim_purpose_.08dc62b0cb: /* {"app": "dbt", "dbt_version": "1.11.12", "profile_name": "bfsi_dbt", "target_name": "dev", "node_id": "test.bfsi_dbt.relationships_fact_loans_purpose_id__purpose_id__ref_dim_purpose_.08dc62b0cb"} */

    
    select
      count(*) as failures,
      count(*) != 0 as should_warn,
      count(*) != 0 as should_error
    from (
      
    
  
    
    

with child as (
    select purpose_id as from_field
    from `bfsi-loan-analytics`.`bfsi_loans`.`fact_loans`
    where purpose_id is not null
),

parent as (
    select purpose_id as to_field
    from `bfsi-loan-analytics`.`bfsi_loans`.`dim_purpose`
)

select
    from_field

from child
left join parent
    on child.from_field = parent.to_field

where parent.to_field is null



  
  
      
    ) dbt_internal_test
[0m01:25:47.671984 [debug] [Thread-3 (]: Opening a new connection, currently in state closed
[0m01:25:47.906555 [info ] [Thread-4 (]: 39 of 45 PASS not_null_fact_loans_risk_tier_id ................................. [[32mPASS[0m in 2.84s]
[0m01:25:47.907555 [debug] [Thread-4 (]: Finished running node test.bfsi_dbt.not_null_fact_loans_risk_tier_id.aa8b86caf7
[0m01:25:47.908553 [debug] [Thread-4 (]: Began running node test.bfsi_dbt.relationships_fact_loans_risk_tier_id__risk_tier_id__ref_dim_risk_tier_.41ecc4ba67
[0m01:25:47.908553 [info ] [Thread-4 (]: 44 of 45 START test relationships_fact_loans_risk_tier_id__risk_tier_id__ref_dim_risk_tier_  [RUN]
[0m01:25:47.909554 [debug] [Thread-4 (]: Re-using an available connection from the pool (formerly test.bfsi_dbt.not_null_fact_loans_risk_tier_id.aa8b86caf7, now test.bfsi_dbt.relationships_fact_loans_risk_tier_id__risk_tier_id__ref_dim_risk_tier_.41ecc4ba67)
[0m01:25:47.910554 [debug] [Thread-4 (]: Began compiling node test.bfsi_dbt.relationships_fact_loans_risk_tier_id__risk_tier_id__ref_dim_risk_tier_.41ecc4ba67
[0m01:25:47.915553 [debug] [Thread-4 (]: Writing injected SQL for node "test.bfsi_dbt.relationships_fact_loans_risk_tier_id__risk_tier_id__ref_dim_risk_tier_.41ecc4ba67"
[0m01:25:47.916551 [debug] [Thread-4 (]: Began executing node test.bfsi_dbt.relationships_fact_loans_risk_tier_id__risk_tier_id__ref_dim_risk_tier_.41ecc4ba67
[0m01:25:47.918555 [debug] [Thread-4 (]: Writing runtime sql for node "test.bfsi_dbt.relationships_fact_loans_risk_tier_id__risk_tier_id__ref_dim_risk_tier_.41ecc4ba67"
[0m01:25:47.919554 [debug] [Thread-4 (]: On test.bfsi_dbt.relationships_fact_loans_risk_tier_id__risk_tier_id__ref_dim_risk_tier_.41ecc4ba67: /* {"app": "dbt", "dbt_version": "1.11.12", "profile_name": "bfsi_dbt", "target_name": "dev", "node_id": "test.bfsi_dbt.relationships_fact_loans_risk_tier_id__risk_tier_id__ref_dim_risk_tier_.41ecc4ba67"} */

    
    select
      count(*) as failures,
      count(*) != 0 as should_warn,
      count(*) != 0 as should_error
    from (
      
    
  
    
    

with child as (
    select risk_tier_id as from_field
    from `bfsi-loan-analytics`.`bfsi_loans`.`fact_loans`
    where risk_tier_id is not null
),

parent as (
    select risk_tier_id as to_field
    from `bfsi-loan-analytics`.`bfsi_loans`.`dim_risk_tier`
)

select
    from_field

from child
left join parent
    on child.from_field = parent.to_field

where parent.to_field is null



  
  
      
    ) dbt_internal_test
[0m01:25:47.919554 [debug] [Thread-4 (]: Opening a new connection, currently in state closed
[0m01:25:47.969063 [info ] [Thread-2 (]: 41 of 45 PASS relationships_fact_loans_grade_id__grade_id__ref_dim_grade_ ...... [[32mPASS[0m in 2.46s]
[0m01:25:47.970064 [debug] [Thread-2 (]: Finished running node test.bfsi_dbt.relationships_fact_loans_grade_id__grade_id__ref_dim_grade_.9808f2e746
[0m01:25:47.970064 [debug] [Thread-2 (]: Began running node test.bfsi_dbt.unique_fact_loans_loan_id.ee368852c4
[0m01:25:47.970064 [info ] [Thread-2 (]: 45 of 45 START test unique_fact_loans_loan_id .................................. [RUN]
[0m01:25:47.971063 [debug] [Thread-2 (]: Re-using an available connection from the pool (formerly test.bfsi_dbt.relationships_fact_loans_grade_id__grade_id__ref_dim_grade_.9808f2e746, now test.bfsi_dbt.unique_fact_loans_loan_id.ee368852c4)
[0m01:25:47.971063 [debug] [Thread-2 (]: Began compiling node test.bfsi_dbt.unique_fact_loans_loan_id.ee368852c4
[0m01:25:47.975065 [debug] [Thread-2 (]: Writing injected SQL for node "test.bfsi_dbt.unique_fact_loans_loan_id.ee368852c4"
[0m01:25:47.976068 [debug] [Thread-2 (]: Began executing node test.bfsi_dbt.unique_fact_loans_loan_id.ee368852c4
[0m01:25:47.979067 [debug] [Thread-2 (]: Writing runtime sql for node "test.bfsi_dbt.unique_fact_loans_loan_id.ee368852c4"
[0m01:25:47.980063 [debug] [Thread-2 (]: On test.bfsi_dbt.unique_fact_loans_loan_id.ee368852c4: /* {"app": "dbt", "dbt_version": "1.11.12", "profile_name": "bfsi_dbt", "target_name": "dev", "node_id": "test.bfsi_dbt.unique_fact_loans_loan_id.ee368852c4"} */

    
    select
      count(*) as failures,
      count(*) != 0 as should_warn,
      count(*) != 0 as should_error
    from (
      
    
  
    
    

with dbt_test__target as (

  select loan_id as unique_field
  from `bfsi-loan-analytics`.`bfsi_loans`.`fact_loans`
  where loan_id is not null

)

select
    unique_field,
    count(*) as n_records

from dbt_test__target
group by unique_field
having count(*) > 1



  
  
      
    ) dbt_internal_test
[0m01:25:47.981061 [debug] [Thread-2 (]: Opening a new connection, currently in state closed
[0m01:25:48.042068 [debug] [Thread-1 (]: SQL status: OK in 0.517 seconds
[0m01:25:48.836838 [debug] [Thread-3 (]: BigQuery adapter: https://console.cloud.google.com/bigquery?project=bfsi-loan-analytics&j=bq:US:1abc1ec9-fe13-442c-ad26-3541f4c0aaee&page=queryresults
[0m01:25:48.953559 [info ] [Thread-1 (]: 42 of 45 PASS relationships_fact_loans_income_band_id__income_band_id__ref_dim_income_band_  [[32mPASS[0m in 2.50s]
[0m01:25:48.953559 [debug] [Thread-1 (]: Finished running node test.bfsi_dbt.relationships_fact_loans_income_band_id__income_band_id__ref_dim_income_band_.3347da5957
[0m01:25:49.072104 [debug] [Thread-2 (]: BigQuery adapter: https://console.cloud.google.com/bigquery?project=bfsi-loan-analytics&j=bq:US:a5ef8a48-5616-49b8-8a88-74b85fee62d0&page=queryresults
[0m01:25:49.205678 [debug] [Thread-4 (]: BigQuery adapter: https://console.cloud.google.com/bigquery?project=bfsi-loan-analytics&j=bq:US:6880e060-b964-4250-9e6a-3f5e59ac384a&page=queryresults
[0m01:25:49.396470 [debug] [Thread-3 (]: SQL status: OK in 0.558 seconds
[0m01:25:49.602855 [debug] [Thread-2 (]: SQL status: OK in 0.529 seconds
[0m01:25:49.630857 [debug] [Thread-4 (]: SQL status: OK in 0.424 seconds
[0m01:25:50.288534 [info ] [Thread-3 (]: 43 of 45 PASS relationships_fact_loans_purpose_id__purpose_id__ref_dim_purpose_  [[32mPASS[0m in 2.63s]
[0m01:25:50.288534 [debug] [Thread-3 (]: Finished running node test.bfsi_dbt.relationships_fact_loans_purpose_id__purpose_id__ref_dim_purpose_.08dc62b0cb
[0m01:25:50.442474 [info ] [Thread-2 (]: 45 of 45 PASS unique_fact_loans_loan_id ........................................ [[32mPASS[0m in 2.47s]
[0m01:25:50.443473 [debug] [Thread-2 (]: Finished running node test.bfsi_dbt.unique_fact_loans_loan_id.ee368852c4
[0m01:25:50.496242 [info ] [Thread-4 (]: 44 of 45 PASS relationships_fact_loans_risk_tier_id__risk_tier_id__ref_dim_risk_tier_  [[32mPASS[0m in 2.59s]
[0m01:25:50.497241 [debug] [Thread-4 (]: Finished running node test.bfsi_dbt.relationships_fact_loans_risk_tier_id__risk_tier_id__ref_dim_risk_tier_.41ecc4ba67
[0m01:25:50.498239 [debug] [MainThread]: Opening a new connection, currently in state closed
[0m01:25:50.499239 [debug] [MainThread]: Connection 'master' was properly closed.
[0m01:25:50.499239 [debug] [MainThread]: Connection 'list_bfsi-loan-analytics' was properly closed.
[0m01:25:50.499239 [debug] [MainThread]: Connection 'list_bfsi-loan-analytics' was properly closed.
[0m01:25:50.500240 [debug] [MainThread]: Connection 'list_bfsi-loan-analytics' was properly closed.
[0m01:25:50.500240 [debug] [MainThread]: Connection 'list_bfsi-loan-analytics_bfsi_loans_intermediate' was properly closed.
[0m01:25:50.500240 [debug] [MainThread]: Connection 'list_bfsi-loan-analytics_bfsi_loans_staging' was properly closed.
[0m01:25:50.500240 [debug] [MainThread]: Connection 'list_bfsi-loan-analytics_bfsi_loans' was properly closed.
[0m01:25:50.501239 [debug] [MainThread]: Connection 'test.bfsi_dbt.relationships_fact_loans_income_band_id__income_band_id__ref_dim_income_band_.3347da5957' was properly closed.
[0m01:25:50.501239 [debug] [MainThread]: Connection 'test.bfsi_dbt.relationships_fact_loans_purpose_id__purpose_id__ref_dim_purpose_.08dc62b0cb' was properly closed.
[0m01:25:50.501239 [debug] [MainThread]: Connection 'test.bfsi_dbt.unique_fact_loans_loan_id.ee368852c4' was properly closed.
[0m01:25:50.501239 [debug] [MainThread]: Connection 'test.bfsi_dbt.relationships_fact_loans_risk_tier_id__risk_tier_id__ref_dim_risk_tier_.41ecc4ba67' was properly closed.
[0m01:25:50.501239 [info ] [MainThread]: 
[0m01:25:50.502240 [info ] [MainThread]: Finished running 7 table models, 37 data tests, 1 view model in 0 hours 0 minutes and 48.03 seconds (48.03s).
[0m01:25:50.507239 [debug] [MainThread]: Command end result
[0m01:25:50.539239 [debug] [MainThread]: Wrote artifact WritableManifest to C:\BFSI_Loan_Analytics\dbt\bfsi_dbt\target\manifest.json
[0m01:25:50.542241 [debug] [MainThread]: Wrote artifact SemanticManifest to C:\BFSI_Loan_Analytics\dbt\bfsi_dbt\target\semantic_manifest.json
[0m01:25:50.549241 [debug] [MainThread]: Wrote artifact RunExecutionResult to C:\BFSI_Loan_Analytics\dbt\bfsi_dbt\target\run_results.json
[0m01:25:50.549241 [info ] [MainThread]: 
[0m01:25:50.550240 [info ] [MainThread]: [31mCompleted with 1 error, 0 partial successes, and 0 warnings:[0m
[0m01:25:50.550240 [info ] [MainThread]: 
[0m01:25:50.550240 [error] [MainThread]: [31mFailure in test accepted_values_fact_loans_loan_outcome__0__1 (models\marts\schema.yml)[0m
[0m01:25:50.551239 [error] [MainThread]:   Database Error in test accepted_values_fact_loans_loan_outcome__0__1 (models\marts\schema.yml)
  No matching signature for operator IN for argument types INT64 and {STRING} at [28:23]
  compiled code at target\run\bfsi_dbt\models\marts\schema.yml\accepted_values_fact_loans_loan_outcome__0__1.sql
[0m01:25:50.551239 [info ] [MainThread]: 
[0m01:25:50.551239 [info ] [MainThread]:   compiled code at target\compiled\bfsi_dbt\models\marts\schema.yml\accepted_values_fact_loans_loan_outcome__0__1.sql
[0m01:25:50.551239 [info ] [MainThread]: 
[0m01:25:50.552239 [info ] [MainThread]: Done. PASS=44 WARN=0 ERROR=1 SKIP=0 NO-OP=0 TOTAL=45
[0m01:25:50.552239 [warn ] [MainThread]: [[33mWARNING[0m][DeprecationsSummary]: Deprecated functionality
Summary of encountered deprecations:
- MissingArgumentsPropertyInGenericTestDeprecation: 1 occurrence
To see all deprecation instances instead of just the first occurrence of each,
run command again with the `--show-all-deprecations` flag. You may also need to
run with `--no-partial-parse` as some deprecations are only encountered during
parsing.
[0m01:25:50.553240 [debug] [MainThread]: Command `dbt build` failed at 01:25:50.552239 after 50.15 seconds
[0m01:25:50.553240 [debug] [MainThread]: Sending event: {'category': 'dbt', 'action': 'invocation', 'label': 'end', 'context': [<snowplow_tracker.self_describing_json.SelfDescribingJson object at 0x000001AAE1ED2CC0>, <snowplow_tracker.self_describing_json.SelfDescribingJson object at 0x000001AAB35CD6D0>, <snowplow_tracker.self_describing_json.SelfDescribingJson object at 0x000001AAB35CC770>]}
[0m01:25:50.553240 [debug] [MainThread]: Flushing usage events
[0m01:25:52.386721 [debug] [MainThread]: An error was encountered while trying to flush usage events
[0m01:26:33.053355 [debug] [MainThread]: Sending event: {'category': 'dbt', 'action': 'invocation', 'label': 'start', 'context': [<snowplow_tracker.self_describing_json.SelfDescribingJson object at 0x00000253DF0C2C00>, <snowplow_tracker.self_describing_json.SelfDescribingJson object at 0x00000253E0065CD0>, <snowplow_tracker.self_describing_json.SelfDescribingJson object at 0x00000253DF58B140>]}


============================== 01:26:33.056367 | c228d504-8e80-48b6-acfe-1a2e3d1c341e ==============================
[0m01:26:33.056367 [info ] [MainThread]: Running with dbt=1.11.12
[0m01:26:33.057352 [debug] [MainThread]: running dbt with arguments {'version_check': 'True', 'no_print': 'None', 'static_parser': 'True', 'warn_error_options': 'WarnErrorOptionsV2(error=[], warn=[], silence=[])', 'target_path': 'None', 'printer_width': '80', 'write_json': 'True', 'empty': 'False', 'log_cache_events': 'False', 'introspect': 'True', 'cache_selected_only': 'False', 'fail_fast': 'False', 'debug': 'False', 'log_format': 'default', 'partial_parse': 'False', 'send_anonymous_usage_stats': 'True', 'quiet': 'False', 'warn_error': 'None', 'profiles_dir': 'C:\\Users\\shree\\.dbt', 'invocation_command': 'dbt build --no-partial-parse', 'use_colors': 'True', 'indirect_selection': 'eager', 'use_experimental_parser': 'False', 'log_path': 'C:\\BFSI_Loan_Analytics\\dbt\\bfsi_dbt\\logs'}
[0m01:26:33.938558 [debug] [MainThread]: Sending event: {'category': 'dbt', 'action': 'project_id', 'label': 'c228d504-8e80-48b6-acfe-1a2e3d1c341e', 'context': [<snowplow_tracker.self_describing_json.SelfDescribingJson object at 0x000002538E29BAA0>]}
[0m01:26:33.994087 [debug] [MainThread]: Sending event: {'category': 'dbt', 'action': 'adapter_info', 'label': 'c228d504-8e80-48b6-acfe-1a2e3d1c341e', 'context': [<snowplow_tracker.self_describing_json.SelfDescribingJson object at 0x000002538E575820>]}
[0m01:26:33.994087 [info ] [MainThread]: Registered adapter: bigquery=1.11.3
[0m01:26:34.228089 [debug] [MainThread]: checksum: f368f5348cf42803b94ef7fb8257ecf3bf9a9a16dd9c8c51fe5172f2dbeb457f, vars: {}, profile: , target: , version: 1.11.12
[0m01:26:34.229091 [debug] [MainThread]: Partial parsing not enabled
[0m01:26:35.459188 [warn ] [MainThread]: [[33mWARNING[0m][MissingArgumentsPropertyInGenericTestDeprecation]: Deprecated
functionality
Found top-level arguments to test `accepted_values` defined on 'fact_loans' in
package 'bfsi_dbt' (models\marts\schema.yml). Arguments to generic tests should
be nested under the `arguments` property.
[0m01:26:35.460189 [debug] [MainThread]: Sending event: {'category': 'dbt', 'action': 'deprecation', 'label': 'c228d504-8e80-48b6-acfe-1a2e3d1c341e', 'property_': 'warn', 'context': [<snowplow_tracker.self_describing_json.SelfDescribingJson object at 0x000002538EF0B2F0>]}
[0m01:26:35.609191 [debug] [MainThread]: Sending event: {'category': 'dbt', 'action': 'load_project', 'label': 'c228d504-8e80-48b6-acfe-1a2e3d1c341e', 'context': [<snowplow_tracker.self_describing_json.SelfDescribingJson object at 0x00000253DD106420>]}
[0m01:26:35.689188 [debug] [MainThread]: Wrote artifact WritableManifest to C:\BFSI_Loan_Analytics\dbt\bfsi_dbt\target\manifest.json
[0m01:26:35.692188 [debug] [MainThread]: Wrote artifact SemanticManifest to C:\BFSI_Loan_Analytics\dbt\bfsi_dbt\target\semantic_manifest.json
[0m01:26:35.717192 [debug] [MainThread]: Sending event: {'category': 'dbt', 'action': 'resource_counts', 'label': 'c228d504-8e80-48b6-acfe-1a2e3d1c341e', 'context': [<snowplow_tracker.self_describing_json.SelfDescribingJson object at 0x000002538FFFE030>]}
[0m01:26:35.718189 [info ] [MainThread]: Found 8 models, 37 data tests, 1 source, 553 macros
[0m01:26:35.721189 [info ] [MainThread]: 
[0m01:26:35.721189 [info ] [MainThread]: Concurrency: 4 threads (target='dev')
[0m01:26:35.722189 [info ] [MainThread]: 
[0m01:26:35.722189 [debug] [MainThread]: Acquiring new bigquery connection 'master'
[0m01:26:35.726192 [debug] [ThreadPool]: Acquiring new bigquery connection 'list_bfsi-loan-analytics'
[0m01:26:35.726192 [debug] [ThreadPool]: Opening a new connection, currently in state init
[0m01:26:35.727194 [debug] [ThreadPool]: Acquiring new bigquery connection 'list_bfsi-loan-analytics'
[0m01:26:35.727194 [debug] [ThreadPool]: Opening a new connection, currently in state init
[0m01:26:35.728189 [debug] [ThreadPool]: Acquiring new bigquery connection 'list_bfsi-loan-analytics'
[0m01:26:35.728189 [debug] [ThreadPool]: Opening a new connection, currently in state init
[0m01:26:37.042421 [debug] [ThreadPool]: Acquiring new bigquery connection 'list_bfsi-loan-analytics_bfsi_loans_staging'
[0m01:26:37.042421 [debug] [ThreadPool]: Opening a new connection, currently in state init
[0m01:26:37.044421 [debug] [ThreadPool]: Acquiring new bigquery connection 'list_bfsi-loan-analytics_bfsi_loans'
[0m01:26:37.044421 [debug] [ThreadPool]: Opening a new connection, currently in state init
[0m01:26:37.045420 [debug] [ThreadPool]: Acquiring new bigquery connection 'list_bfsi-loan-analytics_bfsi_loans_intermediate'
[0m01:26:37.046421 [debug] [ThreadPool]: Opening a new connection, currently in state init
[0m01:26:37.738010 [debug] [MainThread]: Sending event: {'category': 'dbt', 'action': 'runnable_timing', 'label': 'c228d504-8e80-48b6-acfe-1a2e3d1c341e', 'context': [<snowplow_tracker.self_describing_json.SelfDescribingJson object at 0x000002538EE02FC0>]}
[0m01:26:37.739010 [debug] [MainThread]: Opening a new connection, currently in state init
[0m01:26:37.743010 [debug] [Thread-1 (]: Began running node model.bfsi_dbt.stg_loans
[0m01:26:37.743010 [info ] [Thread-1 (]: 1 of 45 START sql view model bfsi_loans_staging.stg_loans ...................... [RUN]
[0m01:26:37.744010 [debug] [Thread-1 (]: Acquiring new bigquery connection 'model.bfsi_dbt.stg_loans'
[0m01:26:37.744010 [debug] [Thread-1 (]: Began compiling node model.bfsi_dbt.stg_loans
[0m01:26:37.750009 [debug] [Thread-1 (]: Writing injected SQL for node "model.bfsi_dbt.stg_loans"
[0m01:26:37.751011 [debug] [Thread-1 (]: Began executing node model.bfsi_dbt.stg_loans
[0m01:26:37.776008 [debug] [Thread-1 (]: Writing runtime sql for node "model.bfsi_dbt.stg_loans"
[0m01:26:37.777008 [debug] [Thread-1 (]: On model.bfsi_dbt.stg_loans: /* {"app": "dbt", "dbt_version": "1.11.12", "profile_name": "bfsi_dbt", "target_name": "dev", "node_id": "model.bfsi_dbt.stg_loans"} */


  create or replace view `bfsi-loan-analytics`.`bfsi_loans_staging`.`stg_loans`
  OPTIONS()
  as with source as (
    select * from `bfsi-loan-analytics`.`raw`.`raw_loans`
),

renamed as (
    select
        -- loan sizing
        loan_amnt,
        funded_amnt,
        funded_amnt_inv,
        CAST(term AS INT64)                                          as term,
        int_rate,
        installment,

        -- borrower profile
        grade,
        sub_grade,
        emp_length,
        home_ownership,
        annual_inc,
        verification_status,
        application_type,

        -- loan metadata
        issue_d                                                      as issue_date,
        EXTRACT(YEAR FROM issue_d)                                   as issue_year,
        loan_status,
        purpose,
        addr_state,

        -- credit metrics
        dti,
        fico_range_low,
        fico_range_high,
        inq_last_6mths,
        open_acc,
        pub_rec,
        revol_bal,
        revol_util,
        total_acc,
        delinq_2yrs,

        -- payment performance
        out_prncp,
        total_pymnt,
        total_rec_prncp,
        total_rec_int,
        recoveries,
        last_pymnt_amnt,

        -- target variable (1 = default, 0 = non-default)
        CAST(loan_outcome AS INT64)                                  as loan_outcome,

        -- feature-engineered bands (lowercased from Python source)
        `DTIBand`      as dti_band,
        `IncomeBand`   as income_band,
        `LoanSizeBand` as loan_size_band,
        `RiskTier`     as risk_tier

    from source
)

select * from renamed;


[0m01:26:37.778011 [debug] [Thread-1 (]: Opening a new connection, currently in state init
[0m01:26:38.737633 [debug] [Thread-1 (]: BigQuery adapter: https://console.cloud.google.com/bigquery?project=bfsi-loan-analytics&j=bq:US:f941a6e2-98c4-4876-93f6-daaebf821d0e&page=queryresults
[0m01:26:39.933332 [debug] [Thread-1 (]: SQL status: OK in 1.195 seconds
[0m01:26:40.109764 [debug] [Thread-1 (]: Sending event: {'category': 'dbt', 'action': 'run_model', 'label': 'c228d504-8e80-48b6-acfe-1a2e3d1c341e', 'context': [<snowplow_tracker.self_describing_json.SelfDescribingJson object at 0x000002538E69BA70>]}
[0m01:26:40.110766 [info ] [Thread-1 (]: 1 of 45 OK created sql view model bfsi_loans_staging.stg_loans ................. [[32mCREATE VIEW (0 processed)[0m in 2.36s]
[0m01:26:40.110766 [debug] [Thread-1 (]: Finished running node model.bfsi_dbt.stg_loans
[0m01:26:40.112001 [debug] [Thread-3 (]: Began running node model.bfsi_dbt.int_loans_enriched
[0m01:26:40.112001 [info ] [Thread-3 (]: 2 of 45 START sql table model bfsi_loans_intermediate.int_loans_enriched ....... [RUN]
[0m01:26:40.113008 [debug] [Thread-3 (]: Acquiring new bigquery connection 'model.bfsi_dbt.int_loans_enriched'
[0m01:26:40.113008 [debug] [Thread-3 (]: Began compiling node model.bfsi_dbt.int_loans_enriched
[0m01:26:40.116008 [debug] [Thread-3 (]: Writing injected SQL for node "model.bfsi_dbt.int_loans_enriched"
[0m01:26:40.116008 [debug] [Thread-3 (]: Began executing node model.bfsi_dbt.int_loans_enriched
[0m01:26:40.125410 [debug] [Thread-3 (]: Opening a new connection, currently in state init
[0m01:26:41.063825 [debug] [Thread-3 (]: Writing runtime sql for node "model.bfsi_dbt.int_loans_enriched"
[0m01:26:41.064826 [debug] [Thread-3 (]: On model.bfsi_dbt.int_loans_enriched: /* {"app": "dbt", "dbt_version": "1.11.12", "profile_name": "bfsi_dbt", "target_name": "dev", "node_id": "model.bfsi_dbt.int_loans_enriched"} */

  
    

    create or replace table `bfsi-loan-analytics`.`bfsi_loans_intermediate`.`int_loans_enriched`
      
    
    

    
    OPTIONS()
    as (
      -- Adds a stable integer surrogate key (loan_id) to every staging row.
-- Materialised as a table so all six mart models scan this once, not six times.
with staged as (
    select * from `bfsi-loan-analytics`.`bfsi_loans_staging`.`stg_loans`
)

select
    ROW_NUMBER() OVER ()  as loan_id,
    *
from staged
    );
  
[0m01:26:42.010132 [debug] [Thread-3 (]: BigQuery adapter: https://console.cloud.google.com/bigquery?project=bfsi-loan-analytics&j=bq:US:61369ba9-5c92-4919-b03f-affb09757895&page=queryresults
[0m01:26:46.578175 [debug] [Thread-3 (]: SQL status: OK in 4.568 seconds
[0m01:26:47.128418 [debug] [Thread-3 (]: Sending event: {'category': 'dbt', 'action': 'run_model', 'label': 'c228d504-8e80-48b6-acfe-1a2e3d1c341e', 'context': [<snowplow_tracker.self_describing_json.SelfDescribingJson object at 0x0000025390200350>]}
[0m01:26:47.129417 [info ] [Thread-3 (]: 2 of 45 OK created sql table model bfsi_loans_intermediate.int_loans_enriched .. [[32mCREATE TABLE (1.3m rows, 398.7 MiB processed)[0m in 7.02s]
[0m01:26:47.130418 [debug] [Thread-3 (]: Finished running node model.bfsi_dbt.int_loans_enriched
[0m01:26:47.130418 [debug] [Thread-2 (]: Began running node model.bfsi_dbt.dim_dti_band
[0m01:26:47.131419 [debug] [Thread-1 (]: Began running node model.bfsi_dbt.dim_grade
[0m01:26:47.131419 [debug] [Thread-4 (]: Began running node model.bfsi_dbt.dim_income_band
[0m01:26:47.132416 [debug] [Thread-3 (]: Began running node model.bfsi_dbt.dim_purpose
[0m01:26:47.131419 [info ] [Thread-2 (]: 3 of 45 START sql table model bfsi_loans.dim_dti_band .......................... [RUN]
[0m01:26:47.132416 [info ] [Thread-1 (]: 4 of 45 START sql table model bfsi_loans.dim_grade ............................. [RUN]
[0m01:26:47.133416 [info ] [Thread-4 (]: 5 of 45 START sql table model bfsi_loans.dim_income_band ....................... [RUN]
[0m01:26:47.134416 [debug] [Thread-2 (]: Acquiring new bigquery connection 'model.bfsi_dbt.dim_dti_band'
[0m01:26:47.133416 [info ] [Thread-3 (]: 6 of 45 START sql table model bfsi_loans.dim_purpose ........................... [RUN]
[0m01:26:47.134416 [debug] [Thread-1 (]: Re-using an available connection from the pool (formerly model.bfsi_dbt.stg_loans, now model.bfsi_dbt.dim_grade)
[0m01:26:47.134416 [debug] [Thread-4 (]: Acquiring new bigquery connection 'model.bfsi_dbt.dim_income_band'
[0m01:26:47.135417 [debug] [Thread-2 (]: Began compiling node model.bfsi_dbt.dim_dti_band
[0m01:26:47.135417 [debug] [Thread-3 (]: Re-using an available connection from the pool (formerly model.bfsi_dbt.int_loans_enriched, now model.bfsi_dbt.dim_purpose)
[0m01:26:47.135417 [debug] [Thread-1 (]: Began compiling node model.bfsi_dbt.dim_grade
[0m01:26:47.136416 [debug] [Thread-4 (]: Began compiling node model.bfsi_dbt.dim_income_band
[0m01:26:47.138416 [debug] [Thread-2 (]: Writing injected SQL for node "model.bfsi_dbt.dim_dti_band"
[0m01:26:47.138416 [debug] [Thread-3 (]: Began compiling node model.bfsi_dbt.dim_purpose
[0m01:26:47.141418 [debug] [Thread-1 (]: Writing injected SQL for node "model.bfsi_dbt.dim_grade"
[0m01:26:47.143417 [debug] [Thread-4 (]: Writing injected SQL for node "model.bfsi_dbt.dim_income_band"
[0m01:26:47.145418 [debug] [Thread-3 (]: Writing injected SQL for node "model.bfsi_dbt.dim_purpose"
[0m01:26:47.145418 [debug] [Thread-2 (]: Began executing node model.bfsi_dbt.dim_dti_band
[0m01:26:47.148417 [debug] [Thread-2 (]: Opening a new connection, currently in state init
[0m01:26:47.149417 [debug] [Thread-1 (]: Began executing node model.bfsi_dbt.dim_grade
[0m01:26:47.150421 [debug] [Thread-4 (]: Began executing node model.bfsi_dbt.dim_income_band
[0m01:26:47.152418 [debug] [Thread-1 (]: Opening a new connection, currently in state closed
[0m01:26:47.152418 [debug] [Thread-3 (]: Began executing node model.bfsi_dbt.dim_purpose
[0m01:26:47.154417 [debug] [Thread-4 (]: Opening a new connection, currently in state init
[0m01:26:47.157423 [debug] [Thread-3 (]: Opening a new connection, currently in state closed
[0m01:26:47.906406 [debug] [Thread-4 (]: Writing runtime sql for node "model.bfsi_dbt.dim_income_band"
[0m01:26:47.908147 [debug] [Thread-4 (]: On model.bfsi_dbt.dim_income_band: /* {"app": "dbt", "dbt_version": "1.11.12", "profile_name": "bfsi_dbt", "target_name": "dev", "node_id": "model.bfsi_dbt.dim_income_band"} */

  
    

    create or replace table `bfsi-loan-analytics`.`bfsi_loans`.`dim_income_band`
      
    
    

    
    OPTIONS()
    as (
      with income_bands as (
    select distinct income_band
    from `bfsi-loan-analytics`.`bfsi_loans_intermediate`.`int_loans_enriched`
)

select
    ROW_NUMBER() OVER (ORDER BY income_band)  as income_band_id,
    income_band
from income_bands
order by income_band
    );
  
[0m01:26:47.910155 [debug] [Thread-1 (]: Writing runtime sql for node "model.bfsi_dbt.dim_grade"
[0m01:26:47.912153 [debug] [Thread-3 (]: Writing runtime sql for node "model.bfsi_dbt.dim_purpose"
[0m01:26:47.912153 [debug] [Thread-1 (]: On model.bfsi_dbt.dim_grade: /* {"app": "dbt", "dbt_version": "1.11.12", "profile_name": "bfsi_dbt", "target_name": "dev", "node_id": "model.bfsi_dbt.dim_grade"} */

  
    

    create or replace table `bfsi-loan-analytics`.`bfsi_loans`.`dim_grade`
      
    
    

    
    OPTIONS()
    as (
      with grades as (
    select distinct grade
    from `bfsi-loan-analytics`.`bfsi_loans_intermediate`.`int_loans_enriched`
)

select
    ROW_NUMBER() OVER (ORDER BY grade)  as grade_id,
    grade
from grades
order by grade
    );
  
[0m01:26:47.914158 [debug] [Thread-3 (]: On model.bfsi_dbt.dim_purpose: /* {"app": "dbt", "dbt_version": "1.11.12", "profile_name": "bfsi_dbt", "target_name": "dev", "node_id": "model.bfsi_dbt.dim_purpose"} */

  
    

    create or replace table `bfsi-loan-analytics`.`bfsi_loans`.`dim_purpose`
      
    
    

    
    OPTIONS()
    as (
      with purposes as (
    select distinct purpose
    from `bfsi-loan-analytics`.`bfsi_loans_intermediate`.`int_loans_enriched`
)

select
    ROW_NUMBER() OVER (ORDER BY purpose)  as purpose_id,
    purpose
from purposes
order by purpose
    );
  
[0m01:26:47.940607 [debug] [Thread-2 (]: Writing runtime sql for node "model.bfsi_dbt.dim_dti_band"
[0m01:26:47.941607 [debug] [Thread-2 (]: On model.bfsi_dbt.dim_dti_band: /* {"app": "dbt", "dbt_version": "1.11.12", "profile_name": "bfsi_dbt", "target_name": "dev", "node_id": "model.bfsi_dbt.dim_dti_band"} */

  
    

    create or replace table `bfsi-loan-analytics`.`bfsi_loans`.`dim_dti_band`
      
    
    

    
    OPTIONS()
    as (
      with dti_bands as (
    select distinct dti_band
    from `bfsi-loan-analytics`.`bfsi_loans_intermediate`.`int_loans_enriched`
)

select
    ROW_NUMBER() OVER (ORDER BY dti_band)  as dti_band_id,
    dti_band
from dti_bands
order by dti_band
    );
  
[0m01:26:48.727568 [debug] [Thread-3 (]: BigQuery adapter: https://console.cloud.google.com/bigquery?project=bfsi-loan-analytics&j=bq:US:7defab67-fa48-4c6c-bf6b-aa7f738ef0c5&page=queryresults
[0m01:26:48.808807 [debug] [Thread-2 (]: BigQuery adapter: https://console.cloud.google.com/bigquery?project=bfsi-loan-analytics&j=bq:US:984fccc8-ca66-4678-a5a7-038c87ec37e1&page=queryresults
[0m01:26:48.846230 [debug] [Thread-4 (]: BigQuery adapter: https://console.cloud.google.com/bigquery?project=bfsi-loan-analytics&j=bq:US:d33560ce-3667-497f-8887-e125509c4c16&page=queryresults
[0m01:26:48.882734 [debug] [Thread-1 (]: BigQuery adapter: https://console.cloud.google.com/bigquery?project=bfsi-loan-analytics&j=bq:US:b9e19016-f84a-4528-8ba6-99c076d666ab&page=queryresults
[0m01:26:50.651565 [debug] [Thread-3 (]: SQL status: OK in 1.924 seconds
[0m01:26:50.714442 [debug] [Thread-1 (]: SQL status: OK in 1.831 seconds
[0m01:26:50.770127 [debug] [Thread-4 (]: SQL status: OK in 1.924 seconds
[0m01:26:50.804264 [debug] [Thread-2 (]: SQL status: OK in 1.995 seconds
[0m01:26:51.113054 [debug] [Thread-3 (]: Sending event: {'category': 'dbt', 'action': 'run_model', 'label': 'c228d504-8e80-48b6-acfe-1a2e3d1c341e', 'context': [<snowplow_tracker.self_describing_json.SelfDescribingJson object at 0x000002539092C290>]}
[0m01:26:51.114053 [info ] [Thread-3 (]: 6 of 45 OK created sql table model bfsi_loans.dim_purpose ...................... [[32mCREATE TABLE (14.0 rows, 21.7 MiB processed)[0m in 3.98s]
[0m01:26:51.115052 [debug] [Thread-3 (]: Finished running node model.bfsi_dbt.dim_purpose
[0m01:26:51.115052 [debug] [Thread-3 (]: Began running node model.bfsi_dbt.dim_risk_tier
[0m01:26:51.115052 [info ] [Thread-3 (]: 7 of 45 START sql table model bfsi_loans.dim_risk_tier ......................... [RUN]
[0m01:26:51.116051 [debug] [Thread-3 (]: Re-using an available connection from the pool (formerly model.bfsi_dbt.dim_purpose, now model.bfsi_dbt.dim_risk_tier)
[0m01:26:51.116051 [debug] [Thread-3 (]: Began compiling node model.bfsi_dbt.dim_risk_tier
[0m01:26:51.119312 [debug] [Thread-3 (]: Writing injected SQL for node "model.bfsi_dbt.dim_risk_tier"
[0m01:26:51.121326 [debug] [Thread-1 (]: Sending event: {'category': 'dbt', 'action': 'run_model', 'label': 'c228d504-8e80-48b6-acfe-1a2e3d1c341e', 'context': [<snowplow_tracker.self_describing_json.SelfDescribingJson object at 0x00000253908F3560>]}
[0m01:26:51.122318 [info ] [Thread-1 (]: 4 of 45 OK created sql table model bfsi_loans.dim_grade ........................ [[32mCREATE TABLE (7.0 rows, 3.8 MiB processed)[0m in 3.99s]
[0m01:26:51.122318 [debug] [Thread-3 (]: Began executing node model.bfsi_dbt.dim_risk_tier
[0m01:26:51.123319 [debug] [Thread-1 (]: Finished running node model.bfsi_dbt.dim_grade
[0m01:26:51.125321 [debug] [Thread-3 (]: Opening a new connection, currently in state closed
[0m01:26:51.125321 [debug] [Thread-1 (]: Began running node test.bfsi_dbt.not_null_dim_purpose_purpose.90961f688d
[0m01:26:51.126320 [info ] [Thread-1 (]: 8 of 45 START test not_null_dim_purpose_purpose ................................ [RUN]
[0m01:26:51.127318 [debug] [Thread-1 (]: Re-using an available connection from the pool (formerly model.bfsi_dbt.dim_grade, now test.bfsi_dbt.not_null_dim_purpose_purpose.90961f688d)
[0m01:26:51.127318 [debug] [Thread-1 (]: Began compiling node test.bfsi_dbt.not_null_dim_purpose_purpose.90961f688d
[0m01:26:51.133689 [debug] [Thread-1 (]: Writing injected SQL for node "test.bfsi_dbt.not_null_dim_purpose_purpose.90961f688d"
[0m01:26:51.134691 [debug] [Thread-1 (]: Began executing node test.bfsi_dbt.not_null_dim_purpose_purpose.90961f688d
[0m01:26:51.150121 [debug] [Thread-1 (]: Writing runtime sql for node "test.bfsi_dbt.not_null_dim_purpose_purpose.90961f688d"
[0m01:26:51.151119 [debug] [Thread-1 (]: On test.bfsi_dbt.not_null_dim_purpose_purpose.90961f688d: /* {"app": "dbt", "dbt_version": "1.11.12", "profile_name": "bfsi_dbt", "target_name": "dev", "node_id": "test.bfsi_dbt.not_null_dim_purpose_purpose.90961f688d"} */

    
    select
      count(*) as failures,
      count(*) != 0 as should_warn,
      count(*) != 0 as should_error
    from (
      
    
  
    
    



select purpose
from `bfsi-loan-analytics`.`bfsi_loans`.`dim_purpose`
where purpose is null



  
  
      
    ) dbt_internal_test
[0m01:26:51.151119 [debug] [Thread-1 (]: Opening a new connection, currently in state closed
[0m01:26:51.241986 [debug] [Thread-4 (]: Sending event: {'category': 'dbt', 'action': 'run_model', 'label': 'c228d504-8e80-48b6-acfe-1a2e3d1c341e', 'context': [<snowplow_tracker.self_describing_json.SelfDescribingJson object at 0x0000025390A33170>]}
[0m01:26:51.244982 [debug] [Thread-2 (]: Sending event: {'category': 'dbt', 'action': 'run_model', 'label': 'c228d504-8e80-48b6-acfe-1a2e3d1c341e', 'context': [<snowplow_tracker.self_describing_json.SelfDescribingJson object at 0x0000025390A327E0>]}
[0m01:26:51.244982 [info ] [Thread-4 (]: 5 of 45 OK created sql table model bfsi_loans.dim_income_band .................. [[32mCREATE TABLE (4.0 rows, 9.6 MiB processed)[0m in 4.11s]
[0m01:26:51.245982 [info ] [Thread-2 (]: 3 of 45 OK created sql table model bfsi_loans.dim_dti_band ..................... [[32mCREATE TABLE (5.0 rows, 8.2 MiB processed)[0m in 4.11s]
[0m01:26:51.245982 [debug] [Thread-4 (]: Finished running node model.bfsi_dbt.dim_income_band
[0m01:26:51.245982 [debug] [Thread-2 (]: Finished running node model.bfsi_dbt.dim_dti_band
[0m01:26:51.246982 [debug] [Thread-4 (]: Began running node test.bfsi_dbt.not_null_dim_purpose_purpose_id.67ce3f80fa
[0m01:26:51.246982 [debug] [Thread-2 (]: Began running node test.bfsi_dbt.unique_dim_purpose_purpose.427cd41042
[0m01:26:51.247980 [info ] [Thread-4 (]: 9 of 45 START test not_null_dim_purpose_purpose_id ............................. [RUN]
[0m01:26:51.247980 [debug] [Thread-4 (]: Re-using an available connection from the pool (formerly model.bfsi_dbt.dim_income_band, now test.bfsi_dbt.not_null_dim_purpose_purpose_id.67ce3f80fa)
[0m01:26:51.247980 [info ] [Thread-2 (]: 10 of 45 START test unique_dim_purpose_purpose ................................. [RUN]
[0m01:26:51.248980 [debug] [Thread-4 (]: Began compiling node test.bfsi_dbt.not_null_dim_purpose_purpose_id.67ce3f80fa
[0m01:26:51.248980 [debug] [Thread-2 (]: Re-using an available connection from the pool (formerly model.bfsi_dbt.dim_dti_band, now test.bfsi_dbt.unique_dim_purpose_purpose.427cd41042)
[0m01:26:51.251983 [debug] [Thread-4 (]: Writing injected SQL for node "test.bfsi_dbt.not_null_dim_purpose_purpose_id.67ce3f80fa"
[0m01:26:51.252983 [debug] [Thread-2 (]: Began compiling node test.bfsi_dbt.unique_dim_purpose_purpose.427cd41042
[0m01:26:51.256983 [debug] [Thread-2 (]: Writing injected SQL for node "test.bfsi_dbt.unique_dim_purpose_purpose.427cd41042"
[0m01:26:51.257983 [debug] [Thread-2 (]: Began executing node test.bfsi_dbt.unique_dim_purpose_purpose.427cd41042
[0m01:26:51.259982 [debug] [Thread-2 (]: Writing runtime sql for node "test.bfsi_dbt.unique_dim_purpose_purpose.427cd41042"
[0m01:26:51.260982 [debug] [Thread-4 (]: Began executing node test.bfsi_dbt.not_null_dim_purpose_purpose_id.67ce3f80fa
[0m01:26:51.262981 [debug] [Thread-4 (]: Writing runtime sql for node "test.bfsi_dbt.not_null_dim_purpose_purpose_id.67ce3f80fa"
[0m01:26:51.263982 [debug] [Thread-2 (]: On test.bfsi_dbt.unique_dim_purpose_purpose.427cd41042: /* {"app": "dbt", "dbt_version": "1.11.12", "profile_name": "bfsi_dbt", "target_name": "dev", "node_id": "test.bfsi_dbt.unique_dim_purpose_purpose.427cd41042"} */

    
    select
      count(*) as failures,
      count(*) != 0 as should_warn,
      count(*) != 0 as should_error
    from (
      
    
  
    
    

with dbt_test__target as (

  select purpose as unique_field
  from `bfsi-loan-analytics`.`bfsi_loans`.`dim_purpose`
  where purpose is not null

)

select
    unique_field,
    count(*) as n_records

from dbt_test__target
group by unique_field
having count(*) > 1



  
  
      
    ) dbt_internal_test
[0m01:26:51.263982 [debug] [Thread-2 (]: Opening a new connection, currently in state closed
[0m01:26:51.264981 [debug] [Thread-4 (]: On test.bfsi_dbt.not_null_dim_purpose_purpose_id.67ce3f80fa: /* {"app": "dbt", "dbt_version": "1.11.12", "profile_name": "bfsi_dbt", "target_name": "dev", "node_id": "test.bfsi_dbt.not_null_dim_purpose_purpose_id.67ce3f80fa"} */

    
    select
      count(*) as failures,
      count(*) != 0 as should_warn,
      count(*) != 0 as should_error
    from (
      
    
  
    
    



select purpose_id
from `bfsi-loan-analytics`.`bfsi_loans`.`dim_purpose`
where purpose_id is null



  
  
      
    ) dbt_internal_test
[0m01:26:51.266187 [debug] [Thread-4 (]: Opening a new connection, currently in state closed
[0m01:26:51.799818 [debug] [Thread-3 (]: Writing runtime sql for node "model.bfsi_dbt.dim_risk_tier"
[0m01:26:51.800822 [debug] [Thread-3 (]: On model.bfsi_dbt.dim_risk_tier: /* {"app": "dbt", "dbt_version": "1.11.12", "profile_name": "bfsi_dbt", "target_name": "dev", "node_id": "model.bfsi_dbt.dim_risk_tier"} */

  
    

    create or replace table `bfsi-loan-analytics`.`bfsi_loans`.`dim_risk_tier`
      
    
    

    
    OPTIONS()
    as (
      with risk_tiers as (
    select distinct risk_tier
    from `bfsi-loan-analytics`.`bfsi_loans_intermediate`.`int_loans_enriched`
)

select
    ROW_NUMBER() OVER (ORDER BY risk_tier)  as risk_tier_id,
    risk_tier
from risk_tiers
order by risk_tier
    );
  
[0m01:26:52.125965 [debug] [Thread-1 (]: BigQuery adapter: https://console.cloud.google.com/bigquery?project=bfsi-loan-analytics&j=bq:US:250bbdb8-09f5-4aa7-aa22-940fb9c7b4d5&page=queryresults
[0m01:26:52.151107 [debug] [Thread-4 (]: BigQuery adapter: https://console.cloud.google.com/bigquery?project=bfsi-loan-analytics&j=bq:US:28a9e436-1167-4205-a720-65e20af5d284&page=queryresults
[0m01:26:52.569526 [debug] [Thread-3 (]: BigQuery adapter: https://console.cloud.google.com/bigquery?project=bfsi-loan-analytics&j=bq:US:45575bd6-d100-4e14-8dfb-6d69ace932e9&page=queryresults
[0m01:26:52.571523 [debug] [Thread-4 (]: SQL status: OK in 0.420 seconds
[0m01:26:52.595253 [debug] [Thread-1 (]: SQL status: OK in 0.469 seconds
[0m01:26:52.637610 [debug] [Thread-2 (]: BigQuery adapter: https://console.cloud.google.com/bigquery?project=bfsi-loan-analytics&j=bq:US:51a3f930-fafa-49bf-a955-225c22a849f8&page=queryresults
[0m01:26:53.043859 [debug] [Thread-2 (]: SQL status: OK in 0.406 seconds
[0m01:26:53.494196 [info ] [Thread-4 (]: 9 of 45 PASS not_null_dim_purpose_purpose_id ................................... [[32mPASS[0m in 2.25s]
[0m01:26:53.494196 [debug] [Thread-4 (]: Finished running node test.bfsi_dbt.not_null_dim_purpose_purpose_id.67ce3f80fa
[0m01:26:53.495197 [debug] [Thread-4 (]: Began running node test.bfsi_dbt.unique_dim_purpose_purpose_id.bd2e5891ff
[0m01:26:53.495197 [info ] [Thread-4 (]: 11 of 45 START test unique_dim_purpose_purpose_id .............................. [RUN]
[0m01:26:53.496196 [debug] [Thread-4 (]: Re-using an available connection from the pool (formerly test.bfsi_dbt.not_null_dim_purpose_purpose_id.67ce3f80fa, now test.bfsi_dbt.unique_dim_purpose_purpose_id.bd2e5891ff)
[0m01:26:53.496196 [debug] [Thread-4 (]: Began compiling node test.bfsi_dbt.unique_dim_purpose_purpose_id.bd2e5891ff
[0m01:26:53.500195 [debug] [Thread-4 (]: Writing injected SQL for node "test.bfsi_dbt.unique_dim_purpose_purpose_id.bd2e5891ff"
[0m01:26:53.501196 [debug] [Thread-4 (]: Began executing node test.bfsi_dbt.unique_dim_purpose_purpose_id.bd2e5891ff
[0m01:26:53.503200 [debug] [Thread-4 (]: Writing runtime sql for node "test.bfsi_dbt.unique_dim_purpose_purpose_id.bd2e5891ff"
[0m01:26:53.504198 [debug] [Thread-4 (]: On test.bfsi_dbt.unique_dim_purpose_purpose_id.bd2e5891ff: /* {"app": "dbt", "dbt_version": "1.11.12", "profile_name": "bfsi_dbt", "target_name": "dev", "node_id": "test.bfsi_dbt.unique_dim_purpose_purpose_id.bd2e5891ff"} */

    
    select
      count(*) as failures,
      count(*) != 0 as should_warn,
      count(*) != 0 as should_error
    from (
      
    
  
    
    

with dbt_test__target as (

  select purpose_id as unique_field
  from `bfsi-loan-analytics`.`bfsi_loans`.`dim_purpose`
  where purpose_id is not null

)

select
    unique_field,
    count(*) as n_records

from dbt_test__target
group by unique_field
having count(*) > 1



  
  
      
    ) dbt_internal_test
[0m01:26:53.504198 [debug] [Thread-4 (]: Opening a new connection, currently in state closed
[0m01:26:53.541774 [info ] [Thread-1 (]: 8 of 45 PASS not_null_dim_purpose_purpose ...................................... [[32mPASS[0m in 2.41s]
[0m01:26:53.542786 [debug] [Thread-1 (]: Finished running node test.bfsi_dbt.not_null_dim_purpose_purpose.90961f688d
[0m01:26:53.542786 [debug] [Thread-1 (]: Began running node test.bfsi_dbt.accepted_values_dim_grade_grade__A__B__C__D__E__F__G.d57c0d438a
[0m01:26:53.543784 [info ] [Thread-1 (]: 12 of 45 START test accepted_values_dim_grade_grade__A__B__C__D__E__F__G ....... [RUN]
[0m01:26:53.543784 [debug] [Thread-1 (]: Re-using an available connection from the pool (formerly test.bfsi_dbt.not_null_dim_purpose_purpose.90961f688d, now test.bfsi_dbt.accepted_values_dim_grade_grade__A__B__C__D__E__F__G.d57c0d438a)
[0m01:26:53.543784 [debug] [Thread-1 (]: Began compiling node test.bfsi_dbt.accepted_values_dim_grade_grade__A__B__C__D__E__F__G.d57c0d438a
[0m01:26:53.546784 [debug] [Thread-1 (]: Writing injected SQL for node "test.bfsi_dbt.accepted_values_dim_grade_grade__A__B__C__D__E__F__G.d57c0d438a"
[0m01:26:53.547783 [debug] [Thread-1 (]: Began executing node test.bfsi_dbt.accepted_values_dim_grade_grade__A__B__C__D__E__F__G.d57c0d438a
[0m01:26:53.550454 [debug] [Thread-1 (]: Writing runtime sql for node "test.bfsi_dbt.accepted_values_dim_grade_grade__A__B__C__D__E__F__G.d57c0d438a"
[0m01:26:53.550454 [debug] [Thread-1 (]: On test.bfsi_dbt.accepted_values_dim_grade_grade__A__B__C__D__E__F__G.d57c0d438a: /* {"app": "dbt", "dbt_version": "1.11.12", "profile_name": "bfsi_dbt", "target_name": "dev", "node_id": "test.bfsi_dbt.accepted_values_dim_grade_grade__A__B__C__D__E__F__G.d57c0d438a"} */

    
    select
      count(*) as failures,
      count(*) != 0 as should_warn,
      count(*) != 0 as should_error
    from (
      
    
  
    
    

with all_values as (

    select
        grade as value_field,
        count(*) as n_records

    from `bfsi-loan-analytics`.`bfsi_loans`.`dim_grade`
    group by grade

)

select *
from all_values
where value_field not in (
    'A','B','C','D','E','F','G'
)



  
  
      
    ) dbt_internal_test
[0m01:26:53.551452 [debug] [Thread-1 (]: Opening a new connection, currently in state closed
[0m01:26:54.017323 [info ] [Thread-2 (]: 10 of 45 PASS unique_dim_purpose_purpose ....................................... [[32mPASS[0m in 2.77s]
[0m01:26:54.017323 [debug] [Thread-2 (]: Finished running node test.bfsi_dbt.unique_dim_purpose_purpose.427cd41042
[0m01:26:54.018323 [debug] [Thread-2 (]: Began running node test.bfsi_dbt.not_null_dim_grade_grade.6ae91a6431
[0m01:26:54.018323 [info ] [Thread-2 (]: 13 of 45 START test not_null_dim_grade_grade ................................... [RUN]
[0m01:26:54.019324 [debug] [Thread-2 (]: Re-using an available connection from the pool (formerly test.bfsi_dbt.unique_dim_purpose_purpose.427cd41042, now test.bfsi_dbt.not_null_dim_grade_grade.6ae91a6431)
[0m01:26:54.019324 [debug] [Thread-2 (]: Began compiling node test.bfsi_dbt.not_null_dim_grade_grade.6ae91a6431
[0m01:26:54.105323 [debug] [Thread-2 (]: Writing injected SQL for node "test.bfsi_dbt.not_null_dim_grade_grade.6ae91a6431"
[0m01:26:54.107324 [debug] [Thread-2 (]: Began executing node test.bfsi_dbt.not_null_dim_grade_grade.6ae91a6431
[0m01:26:54.109324 [debug] [Thread-2 (]: Writing runtime sql for node "test.bfsi_dbt.not_null_dim_grade_grade.6ae91a6431"
[0m01:26:54.109324 [debug] [Thread-2 (]: On test.bfsi_dbt.not_null_dim_grade_grade.6ae91a6431: /* {"app": "dbt", "dbt_version": "1.11.12", "profile_name": "bfsi_dbt", "target_name": "dev", "node_id": "test.bfsi_dbt.not_null_dim_grade_grade.6ae91a6431"} */

    
    select
      count(*) as failures,
      count(*) != 0 as should_warn,
      count(*) != 0 as should_error
    from (
      
    
  
    
    



select grade
from `bfsi-loan-analytics`.`bfsi_loans`.`dim_grade`
where grade is null



  
  
      
    ) dbt_internal_test
[0m01:26:54.110325 [debug] [Thread-2 (]: Opening a new connection, currently in state closed
[0m01:26:54.648098 [debug] [Thread-3 (]: SQL status: OK in 2.078 seconds
[0m01:26:54.651096 [debug] [Thread-4 (]: BigQuery adapter: https://console.cloud.google.com/bigquery?project=bfsi-loan-analytics&j=bq:US:f11fc0b2-06a8-4b68-a2eb-07aab1fb5918&page=queryresults
[0m01:26:54.653098 [debug] [Thread-1 (]: BigQuery adapter: https://console.cloud.google.com/bigquery?project=bfsi-loan-analytics&j=bq:US:92ab0ca2-66aa-4698-9014-8d992fc19681&page=queryresults
[0m01:26:55.060136 [debug] [Thread-3 (]: Sending event: {'category': 'dbt', 'action': 'run_model', 'label': 'c228d504-8e80-48b6-acfe-1a2e3d1c341e', 'context': [<snowplow_tracker.self_describing_json.SelfDescribingJson object at 0x00000253DFA374D0>]}
[0m01:26:55.061139 [info ] [Thread-3 (]: 7 of 45 OK created sql table model bfsi_loans.dim_risk_tier .................... [[32mCREATE TABLE (3.0 rows, 8.2 MiB processed)[0m in 3.94s]
[0m01:26:55.061139 [debug] [Thread-3 (]: Finished running node model.bfsi_dbt.dim_risk_tier
[0m01:26:55.062137 [debug] [Thread-3 (]: Began running node test.bfsi_dbt.not_null_dim_grade_grade_id.04908aca39
[0m01:26:55.062137 [info ] [Thread-3 (]: 14 of 45 START test not_null_dim_grade_grade_id ................................ [RUN]
[0m01:26:55.063139 [debug] [Thread-3 (]: Re-using an available connection from the pool (formerly model.bfsi_dbt.dim_risk_tier, now test.bfsi_dbt.not_null_dim_grade_grade_id.04908aca39)
[0m01:26:55.063139 [debug] [Thread-3 (]: Began compiling node test.bfsi_dbt.not_null_dim_grade_grade_id.04908aca39
[0m01:26:55.067137 [debug] [Thread-3 (]: Writing injected SQL for node "test.bfsi_dbt.not_null_dim_grade_grade_id.04908aca39"
[0m01:26:55.068137 [debug] [Thread-3 (]: Began executing node test.bfsi_dbt.not_null_dim_grade_grade_id.04908aca39
[0m01:26:55.070136 [debug] [Thread-3 (]: Writing runtime sql for node "test.bfsi_dbt.not_null_dim_grade_grade_id.04908aca39"
[0m01:26:55.071138 [debug] [Thread-3 (]: On test.bfsi_dbt.not_null_dim_grade_grade_id.04908aca39: /* {"app": "dbt", "dbt_version": "1.11.12", "profile_name": "bfsi_dbt", "target_name": "dev", "node_id": "test.bfsi_dbt.not_null_dim_grade_grade_id.04908aca39"} */

    
    select
      count(*) as failures,
      count(*) != 0 as should_warn,
      count(*) != 0 as should_error
    from (
      
    
  
    
    



select grade_id
from `bfsi-loan-analytics`.`bfsi_loans`.`dim_grade`
where grade_id is null



  
  
      
    ) dbt_internal_test
[0m01:26:55.071138 [debug] [Thread-3 (]: Opening a new connection, currently in state closed
[0m01:26:55.089848 [debug] [Thread-4 (]: SQL status: OK in 0.438 seconds
[0m01:26:55.103083 [debug] [Thread-2 (]: BigQuery adapter: https://console.cloud.google.com/bigquery?project=bfsi-loan-analytics&j=bq:US:bc42d537-42ec-44d4-9eed-16ba7a351864&page=queryresults
[0m01:26:55.104083 [debug] [Thread-1 (]: SQL status: OK in 0.451 seconds
[0m01:26:55.520756 [debug] [Thread-2 (]: SQL status: OK in 0.416 seconds
[0m01:26:55.929610 [info ] [Thread-4 (]: 11 of 45 PASS unique_dim_purpose_purpose_id .................................... [[32mPASS[0m in 2.43s]
[0m01:26:55.930611 [debug] [Thread-4 (]: Finished running node test.bfsi_dbt.unique_dim_purpose_purpose_id.bd2e5891ff
[0m01:26:55.930611 [debug] [Thread-4 (]: Began running node test.bfsi_dbt.unique_dim_grade_grade.a6bdc92675
[0m01:26:55.931611 [info ] [Thread-4 (]: 15 of 45 START test unique_dim_grade_grade ..................................... [RUN]
[0m01:26:55.931611 [debug] [Thread-4 (]: Re-using an available connection from the pool (formerly test.bfsi_dbt.unique_dim_purpose_purpose_id.bd2e5891ff, now test.bfsi_dbt.unique_dim_grade_grade.a6bdc92675)
[0m01:26:55.932613 [debug] [Thread-4 (]: Began compiling node test.bfsi_dbt.unique_dim_grade_grade.a6bdc92675
[0m01:26:55.936612 [debug] [Thread-4 (]: Writing injected SQL for node "test.bfsi_dbt.unique_dim_grade_grade.a6bdc92675"
[0m01:26:55.936612 [debug] [Thread-4 (]: Began executing node test.bfsi_dbt.unique_dim_grade_grade.a6bdc92675
[0m01:26:55.938614 [debug] [Thread-4 (]: Writing runtime sql for node "test.bfsi_dbt.unique_dim_grade_grade.a6bdc92675"
[0m01:26:55.939611 [debug] [Thread-4 (]: On test.bfsi_dbt.unique_dim_grade_grade.a6bdc92675: /* {"app": "dbt", "dbt_version": "1.11.12", "profile_name": "bfsi_dbt", "target_name": "dev", "node_id": "test.bfsi_dbt.unique_dim_grade_grade.a6bdc92675"} */

    
    select
      count(*) as failures,
      count(*) != 0 as should_warn,
      count(*) != 0 as should_error
    from (
      
    
  
    
    

with dbt_test__target as (

  select grade as unique_field
  from `bfsi-loan-analytics`.`bfsi_loans`.`dim_grade`
  where grade is not null

)

select
    unique_field,
    count(*) as n_records

from dbt_test__target
group by unique_field
having count(*) > 1



  
  
      
    ) dbt_internal_test
[0m01:26:55.939611 [debug] [Thread-4 (]: Opening a new connection, currently in state closed
[0m01:26:55.967681 [debug] [Thread-3 (]: BigQuery adapter: https://console.cloud.google.com/bigquery?project=bfsi-loan-analytics&j=bq:US:539b57bd-c199-4b24-a267-eb7ba5f7ed56&page=queryresults
[0m01:26:56.017253 [info ] [Thread-1 (]: 12 of 45 PASS accepted_values_dim_grade_grade__A__B__C__D__E__F__G ............. [[32mPASS[0m in 2.47s]
[0m01:26:56.018248 [debug] [Thread-1 (]: Finished running node test.bfsi_dbt.accepted_values_dim_grade_grade__A__B__C__D__E__F__G.d57c0d438a
[0m01:26:56.018248 [debug] [Thread-1 (]: Began running node test.bfsi_dbt.unique_dim_grade_grade_id.dad7f28526
[0m01:26:56.019252 [info ] [Thread-1 (]: 16 of 45 START test unique_dim_grade_grade_id .................................. [RUN]
[0m01:26:56.019252 [debug] [Thread-1 (]: Re-using an available connection from the pool (formerly test.bfsi_dbt.accepted_values_dim_grade_grade__A__B__C__D__E__F__G.d57c0d438a, now test.bfsi_dbt.unique_dim_grade_grade_id.dad7f28526)
[0m01:26:56.020248 [debug] [Thread-1 (]: Began compiling node test.bfsi_dbt.unique_dim_grade_grade_id.dad7f28526
[0m01:26:56.023250 [debug] [Thread-1 (]: Writing injected SQL for node "test.bfsi_dbt.unique_dim_grade_grade_id.dad7f28526"
[0m01:26:56.024249 [debug] [Thread-1 (]: Began executing node test.bfsi_dbt.unique_dim_grade_grade_id.dad7f28526
[0m01:26:56.026253 [debug] [Thread-1 (]: Writing runtime sql for node "test.bfsi_dbt.unique_dim_grade_grade_id.dad7f28526"
[0m01:26:56.027248 [debug] [Thread-1 (]: On test.bfsi_dbt.unique_dim_grade_grade_id.dad7f28526: /* {"app": "dbt", "dbt_version": "1.11.12", "profile_name": "bfsi_dbt", "target_name": "dev", "node_id": "test.bfsi_dbt.unique_dim_grade_grade_id.dad7f28526"} */

    
    select
      count(*) as failures,
      count(*) != 0 as should_warn,
      count(*) != 0 as should_error
    from (
      
    
  
    
    

with dbt_test__target as (

  select grade_id as unique_field
  from `bfsi-loan-analytics`.`bfsi_loans`.`dim_grade`
  where grade_id is not null

)

select
    unique_field,
    count(*) as n_records

from dbt_test__target
group by unique_field
having count(*) > 1



  
  
      
    ) dbt_internal_test
[0m01:26:56.027248 [debug] [Thread-1 (]: Opening a new connection, currently in state closed
[0m01:26:56.517029 [info ] [Thread-2 (]: 13 of 45 PASS not_null_dim_grade_grade ......................................... [[32mPASS[0m in 2.50s]
[0m01:26:56.518028 [debug] [Thread-2 (]: Finished running node test.bfsi_dbt.not_null_dim_grade_grade.6ae91a6431
[0m01:26:56.518028 [debug] [Thread-2 (]: Began running node test.bfsi_dbt.not_null_dim_income_band_income_band.0a563ce45f
[0m01:26:56.519030 [info ] [Thread-2 (]: 17 of 45 START test not_null_dim_income_band_income_band ....................... [RUN]
[0m01:26:56.520029 [debug] [Thread-2 (]: Re-using an available connection from the pool (formerly test.bfsi_dbt.not_null_dim_grade_grade.6ae91a6431, now test.bfsi_dbt.not_null_dim_income_band_income_band.0a563ce45f)
[0m01:26:56.521029 [debug] [Thread-2 (]: Began compiling node test.bfsi_dbt.not_null_dim_income_band_income_band.0a563ce45f
[0m01:26:56.524028 [debug] [Thread-2 (]: Writing injected SQL for node "test.bfsi_dbt.not_null_dim_income_band_income_band.0a563ce45f"
[0m01:26:56.525028 [debug] [Thread-2 (]: Began executing node test.bfsi_dbt.not_null_dim_income_band_income_band.0a563ce45f
[0m01:26:56.528029 [debug] [Thread-2 (]: Writing runtime sql for node "test.bfsi_dbt.not_null_dim_income_band_income_band.0a563ce45f"
[0m01:26:56.529032 [debug] [Thread-2 (]: On test.bfsi_dbt.not_null_dim_income_band_income_band.0a563ce45f: /* {"app": "dbt", "dbt_version": "1.11.12", "profile_name": "bfsi_dbt", "target_name": "dev", "node_id": "test.bfsi_dbt.not_null_dim_income_band_income_band.0a563ce45f"} */

    
    select
      count(*) as failures,
      count(*) != 0 as should_warn,
      count(*) != 0 as should_error
    from (
      
    
  
    
    



select income_band
from `bfsi-loan-analytics`.`bfsi_loans`.`dim_income_band`
where income_band is null



  
  
      
    ) dbt_internal_test
[0m01:26:56.529032 [debug] [Thread-2 (]: Opening a new connection, currently in state closed
[0m01:26:56.627876 [debug] [Thread-3 (]: SQL status: OK in 0.659 seconds
[0m01:26:56.887894 [debug] [Thread-4 (]: BigQuery adapter: https://console.cloud.google.com/bigquery?project=bfsi-loan-analytics&j=bq:US:23c197bc-b372-44c1-ac2d-d42dcc0cd462&page=queryresults
[0m01:26:57.013501 [debug] [Thread-1 (]: BigQuery adapter: https://console.cloud.google.com/bigquery?project=bfsi-loan-analytics&j=bq:US:9c34fac2-e781-421b-b656-6246bb3a8585&page=queryresults
[0m01:26:57.526477 [debug] [Thread-4 (]: SQL status: OK in 0.637 seconds
[0m01:26:57.527826 [debug] [Thread-2 (]: BigQuery adapter: https://console.cloud.google.com/bigquery?project=bfsi-loan-analytics&j=bq:US:8083bb57-bce7-4745-9641-23aaa2c22dab&page=queryresults
[0m01:26:57.530835 [info ] [Thread-3 (]: 14 of 45 PASS not_null_dim_grade_grade_id ...................................... [[32mPASS[0m in 2.47s]
[0m01:26:57.531835 [debug] [Thread-3 (]: Finished running node test.bfsi_dbt.not_null_dim_grade_grade_id.04908aca39
[0m01:26:57.531835 [debug] [Thread-3 (]: Began running node test.bfsi_dbt.not_null_dim_income_band_income_band_id.89b2cd84c2
[0m01:26:57.531835 [info ] [Thread-3 (]: 18 of 45 START test not_null_dim_income_band_income_band_id .................... [RUN]
[0m01:26:57.532834 [debug] [Thread-3 (]: Re-using an available connection from the pool (formerly test.bfsi_dbt.not_null_dim_grade_grade_id.04908aca39, now test.bfsi_dbt.not_null_dim_income_band_income_band_id.89b2cd84c2)
[0m01:26:57.532834 [debug] [Thread-3 (]: Began compiling node test.bfsi_dbt.not_null_dim_income_band_income_band_id.89b2cd84c2
[0m01:26:57.536836 [debug] [Thread-3 (]: Writing injected SQL for node "test.bfsi_dbt.not_null_dim_income_band_income_band_id.89b2cd84c2"
[0m01:26:57.537835 [debug] [Thread-3 (]: Began executing node test.bfsi_dbt.not_null_dim_income_band_income_band_id.89b2cd84c2
[0m01:26:57.539841 [debug] [Thread-3 (]: Writing runtime sql for node "test.bfsi_dbt.not_null_dim_income_band_income_band_id.89b2cd84c2"
[0m01:26:57.540832 [debug] [Thread-3 (]: On test.bfsi_dbt.not_null_dim_income_band_income_band_id.89b2cd84c2: /* {"app": "dbt", "dbt_version": "1.11.12", "profile_name": "bfsi_dbt", "target_name": "dev", "node_id": "test.bfsi_dbt.not_null_dim_income_band_income_band_id.89b2cd84c2"} */

    
    select
      count(*) as failures,
      count(*) != 0 as should_warn,
      count(*) != 0 as should_error
    from (
      
    
  
    
    



select income_band_id
from `bfsi-loan-analytics`.`bfsi_loans`.`dim_income_band`
where income_band_id is null



  
  
      
    ) dbt_internal_test
[0m01:26:57.540832 [debug] [Thread-3 (]: Opening a new connection, currently in state closed
[0m01:26:57.576551 [debug] [Thread-1 (]: SQL status: OK in 0.562 seconds
[0m01:26:58.015748 [debug] [Thread-2 (]: SQL status: OK in 0.488 seconds
[0m01:26:58.425480 [info ] [Thread-4 (]: 15 of 45 PASS unique_dim_grade_grade ........................................... [[32mPASS[0m in 2.49s]
[0m01:26:58.426479 [debug] [Thread-4 (]: Finished running node test.bfsi_dbt.unique_dim_grade_grade.a6bdc92675
[0m01:26:58.426479 [debug] [Thread-4 (]: Began running node test.bfsi_dbt.unique_dim_income_band_income_band.358c8bcadc
[0m01:26:58.427479 [info ] [Thread-4 (]: 19 of 45 START test unique_dim_income_band_income_band ......................... [RUN]
[0m01:26:58.428482 [debug] [Thread-4 (]: Re-using an available connection from the pool (formerly test.bfsi_dbt.unique_dim_grade_grade.a6bdc92675, now test.bfsi_dbt.unique_dim_income_band_income_band.358c8bcadc)
[0m01:26:58.428482 [debug] [Thread-4 (]: Began compiling node test.bfsi_dbt.unique_dim_income_band_income_band.358c8bcadc
[0m01:26:58.433476 [debug] [Thread-4 (]: Writing injected SQL for node "test.bfsi_dbt.unique_dim_income_band_income_band.358c8bcadc"
[0m01:26:58.434476 [debug] [Thread-4 (]: Began executing node test.bfsi_dbt.unique_dim_income_band_income_band.358c8bcadc
[0m01:26:58.436479 [debug] [Thread-4 (]: Writing runtime sql for node "test.bfsi_dbt.unique_dim_income_band_income_band.358c8bcadc"
[0m01:26:58.437478 [debug] [Thread-4 (]: On test.bfsi_dbt.unique_dim_income_band_income_band.358c8bcadc: /* {"app": "dbt", "dbt_version": "1.11.12", "profile_name": "bfsi_dbt", "target_name": "dev", "node_id": "test.bfsi_dbt.unique_dim_income_band_income_band.358c8bcadc"} */

    
    select
      count(*) as failures,
      count(*) != 0 as should_warn,
      count(*) != 0 as should_error
    from (
      
    
  
    
    

with dbt_test__target as (

  select income_band as unique_field
  from `bfsi-loan-analytics`.`bfsi_loans`.`dim_income_band`
  where income_band is not null

)

select
    unique_field,
    count(*) as n_records

from dbt_test__target
group by unique_field
having count(*) > 1



  
  
      
    ) dbt_internal_test
[0m01:26:58.437478 [debug] [Thread-4 (]: Opening a new connection, currently in state closed
[0m01:26:58.466949 [info ] [Thread-1 (]: 16 of 45 PASS unique_dim_grade_grade_id ........................................ [[32mPASS[0m in 2.45s]
[0m01:26:58.467955 [debug] [Thread-1 (]: Finished running node test.bfsi_dbt.unique_dim_grade_grade_id.dad7f28526
[0m01:26:58.467955 [debug] [Thread-1 (]: Began running node test.bfsi_dbt.unique_dim_income_band_income_band_id.fc2ea29730
[0m01:26:58.467955 [info ] [Thread-1 (]: 20 of 45 START test unique_dim_income_band_income_band_id ...................... [RUN]
[0m01:26:58.468949 [debug] [Thread-1 (]: Re-using an available connection from the pool (formerly test.bfsi_dbt.unique_dim_grade_grade_id.dad7f28526, now test.bfsi_dbt.unique_dim_income_band_income_band_id.fc2ea29730)
[0m01:26:58.468949 [debug] [Thread-1 (]: Began compiling node test.bfsi_dbt.unique_dim_income_band_income_band_id.fc2ea29730
[0m01:26:58.472950 [debug] [Thread-1 (]: Writing injected SQL for node "test.bfsi_dbt.unique_dim_income_band_income_band_id.fc2ea29730"
[0m01:26:58.473948 [debug] [Thread-1 (]: Began executing node test.bfsi_dbt.unique_dim_income_band_income_band_id.fc2ea29730
[0m01:26:58.475949 [debug] [Thread-1 (]: Writing runtime sql for node "test.bfsi_dbt.unique_dim_income_band_income_band_id.fc2ea29730"
[0m01:26:58.476948 [debug] [Thread-1 (]: On test.bfsi_dbt.unique_dim_income_band_income_band_id.fc2ea29730: /* {"app": "dbt", "dbt_version": "1.11.12", "profile_name": "bfsi_dbt", "target_name": "dev", "node_id": "test.bfsi_dbt.unique_dim_income_band_income_band_id.fc2ea29730"} */

    
    select
      count(*) as failures,
      count(*) != 0 as should_warn,
      count(*) != 0 as should_error
    from (
      
    
  
    
    

with dbt_test__target as (

  select income_band_id as unique_field
  from `bfsi-loan-analytics`.`bfsi_loans`.`dim_income_band`
  where income_band_id is not null

)

select
    unique_field,
    count(*) as n_records

from dbt_test__target
group by unique_field
having count(*) > 1



  
  
      
    ) dbt_internal_test
[0m01:26:58.476948 [debug] [Thread-1 (]: Opening a new connection, currently in state closed
[0m01:26:58.648864 [debug] [Thread-3 (]: BigQuery adapter: https://console.cloud.google.com/bigquery?project=bfsi-loan-analytics&j=bq:US:e0b93f90-7ae8-4bc0-b9e8-c3679782d68c&page=queryresults
[0m01:26:58.968064 [info ] [Thread-2 (]: 17 of 45 PASS not_null_dim_income_band_income_band ............................. [[32mPASS[0m in 2.45s]
[0m01:26:58.969063 [debug] [Thread-2 (]: Finished running node test.bfsi_dbt.not_null_dim_income_band_income_band.0a563ce45f
[0m01:26:58.969063 [debug] [Thread-2 (]: Began running node test.bfsi_dbt.not_null_dim_dti_band_dti_band.5fd7f8997d
[0m01:26:58.969063 [info ] [Thread-2 (]: 21 of 45 START test not_null_dim_dti_band_dti_band ............................. [RUN]
[0m01:26:58.970063 [debug] [Thread-2 (]: Re-using an available connection from the pool (formerly test.bfsi_dbt.not_null_dim_income_band_income_band.0a563ce45f, now test.bfsi_dbt.not_null_dim_dti_band_dti_band.5fd7f8997d)
[0m01:26:58.970063 [debug] [Thread-2 (]: Began compiling node test.bfsi_dbt.not_null_dim_dti_band_dti_band.5fd7f8997d
[0m01:26:58.973062 [debug] [Thread-2 (]: Writing injected SQL for node "test.bfsi_dbt.not_null_dim_dti_band_dti_band.5fd7f8997d"
[0m01:26:58.974062 [debug] [Thread-2 (]: Began executing node test.bfsi_dbt.not_null_dim_dti_band_dti_band.5fd7f8997d
[0m01:26:58.976065 [debug] [Thread-2 (]: Writing runtime sql for node "test.bfsi_dbt.not_null_dim_dti_band_dti_band.5fd7f8997d"
[0m01:26:58.977063 [debug] [Thread-2 (]: On test.bfsi_dbt.not_null_dim_dti_band_dti_band.5fd7f8997d: /* {"app": "dbt", "dbt_version": "1.11.12", "profile_name": "bfsi_dbt", "target_name": "dev", "node_id": "test.bfsi_dbt.not_null_dim_dti_band_dti_band.5fd7f8997d"} */

    
    select
      count(*) as failures,
      count(*) != 0 as should_warn,
      count(*) != 0 as should_error
    from (
      
    
  
    
    



select dti_band
from `bfsi-loan-analytics`.`bfsi_loans`.`dim_dti_band`
where dti_band is null



  
  
      
    ) dbt_internal_test
[0m01:26:58.977063 [debug] [Thread-2 (]: Opening a new connection, currently in state closed
[0m01:26:59.194025 [debug] [Thread-3 (]: SQL status: OK in 0.544 seconds
[0m01:26:59.469933 [debug] [Thread-4 (]: BigQuery adapter: https://console.cloud.google.com/bigquery?project=bfsi-loan-analytics&j=bq:US:bf83ec39-c82f-49df-bec3-f1c548993b60&page=queryresults
[0m01:26:59.729240 [debug] [Thread-1 (]: BigQuery adapter: https://console.cloud.google.com/bigquery?project=bfsi-loan-analytics&j=bq:US:3bbc6c32-ebf5-4851-a5b1-993b4af79c18&page=queryresults
[0m01:26:59.967787 [debug] [Thread-4 (]: SQL status: OK in 0.497 seconds
[0m01:27:00.111116 [debug] [Thread-2 (]: BigQuery adapter: https://console.cloud.google.com/bigquery?project=bfsi-loan-analytics&j=bq:US:8490a5fc-7e20-4813-a0ca-42e1f1c56cd4&page=queryresults
[0m01:27:00.121116 [info ] [Thread-3 (]: 18 of 45 PASS not_null_dim_income_band_income_band_id .......................... [[32mPASS[0m in 2.59s]
[0m01:27:00.122115 [debug] [Thread-3 (]: Finished running node test.bfsi_dbt.not_null_dim_income_band_income_band_id.89b2cd84c2
[0m01:27:00.122115 [debug] [Thread-3 (]: Began running node test.bfsi_dbt.not_null_dim_dti_band_dti_band_id.8965dc3ffa
[0m01:27:00.122115 [info ] [Thread-3 (]: 22 of 45 START test not_null_dim_dti_band_dti_band_id .......................... [RUN]
[0m01:27:00.123116 [debug] [Thread-3 (]: Re-using an available connection from the pool (formerly test.bfsi_dbt.not_null_dim_income_band_income_band_id.89b2cd84c2, now test.bfsi_dbt.not_null_dim_dti_band_dti_band_id.8965dc3ffa)
[0m01:27:00.123116 [debug] [Thread-3 (]: Began compiling node test.bfsi_dbt.not_null_dim_dti_band_dti_band_id.8965dc3ffa
[0m01:27:00.127117 [debug] [Thread-3 (]: Writing injected SQL for node "test.bfsi_dbt.not_null_dim_dti_band_dti_band_id.8965dc3ffa"
[0m01:27:00.128114 [debug] [Thread-3 (]: Began executing node test.bfsi_dbt.not_null_dim_dti_band_dti_band_id.8965dc3ffa
[0m01:27:00.130620 [debug] [Thread-3 (]: Writing runtime sql for node "test.bfsi_dbt.not_null_dim_dti_band_dti_band_id.8965dc3ffa"
[0m01:27:00.131617 [debug] [Thread-3 (]: On test.bfsi_dbt.not_null_dim_dti_band_dti_band_id.8965dc3ffa: /* {"app": "dbt", "dbt_version": "1.11.12", "profile_name": "bfsi_dbt", "target_name": "dev", "node_id": "test.bfsi_dbt.not_null_dim_dti_band_dti_band_id.8965dc3ffa"} */

    
    select
      count(*) as failures,
      count(*) != 0 as should_warn,
      count(*) != 0 as should_error
    from (
      
    
  
    
    



select dti_band_id
from `bfsi-loan-analytics`.`bfsi_loans`.`dim_dti_band`
where dti_band_id is null



  
  
      
    ) dbt_internal_test
[0m01:27:00.131617 [debug] [Thread-3 (]: Opening a new connection, currently in state closed
[0m01:27:00.250092 [debug] [Thread-1 (]: SQL status: OK in 0.520 seconds
[0m01:27:00.517619 [debug] [Thread-2 (]: SQL status: OK in 0.406 seconds
[0m01:27:01.001158 [info ] [Thread-4 (]: 19 of 45 PASS unique_dim_income_band_income_band ............................... [[32mPASS[0m in 2.57s]
[0m01:27:01.002156 [debug] [Thread-4 (]: Finished running node test.bfsi_dbt.unique_dim_income_band_income_band.358c8bcadc
[0m01:27:01.002156 [debug] [Thread-4 (]: Began running node test.bfsi_dbt.unique_dim_dti_band_dti_band.d53638241d
[0m01:27:01.003155 [info ] [Thread-4 (]: 23 of 45 START test unique_dim_dti_band_dti_band ............................... [RUN]
[0m01:27:01.004162 [debug] [Thread-4 (]: Re-using an available connection from the pool (formerly test.bfsi_dbt.unique_dim_income_band_income_band.358c8bcadc, now test.bfsi_dbt.unique_dim_dti_band_dti_band.d53638241d)
[0m01:27:01.004162 [debug] [Thread-4 (]: Began compiling node test.bfsi_dbt.unique_dim_dti_band_dti_band.d53638241d
[0m01:27:01.008417 [debug] [Thread-4 (]: Writing injected SQL for node "test.bfsi_dbt.unique_dim_dti_band_dti_band.d53638241d"
[0m01:27:01.009907 [debug] [Thread-4 (]: Began executing node test.bfsi_dbt.unique_dim_dti_band_dti_band.d53638241d
[0m01:27:01.012908 [debug] [Thread-4 (]: Writing runtime sql for node "test.bfsi_dbt.unique_dim_dti_band_dti_band.d53638241d"
[0m01:27:01.014908 [debug] [Thread-4 (]: On test.bfsi_dbt.unique_dim_dti_band_dti_band.d53638241d: /* {"app": "dbt", "dbt_version": "1.11.12", "profile_name": "bfsi_dbt", "target_name": "dev", "node_id": "test.bfsi_dbt.unique_dim_dti_band_dti_band.d53638241d"} */

    
    select
      count(*) as failures,
      count(*) != 0 as should_warn,
      count(*) != 0 as should_error
    from (
      
    
  
    
    

with dbt_test__target as (

  select dti_band as unique_field
  from `bfsi-loan-analytics`.`bfsi_loans`.`dim_dti_band`
  where dti_band is not null

)

select
    unique_field,
    count(*) as n_records

from dbt_test__target
group by unique_field
having count(*) > 1



  
  
      
    ) dbt_internal_test
[0m01:27:01.015909 [debug] [Thread-4 (]: Opening a new connection, currently in state closed
[0m01:27:01.059782 [debug] [Thread-3 (]: BigQuery adapter: https://console.cloud.google.com/bigquery?project=bfsi-loan-analytics&j=bq:US:fd78e0c5-7a9b-47bd-8c37-022f7d366fd3&page=queryresults
[0m01:27:01.135620 [info ] [Thread-1 (]: 20 of 45 PASS unique_dim_income_band_income_band_id ............................ [[32mPASS[0m in 2.67s]
[0m01:27:01.136617 [debug] [Thread-1 (]: Finished running node test.bfsi_dbt.unique_dim_income_band_income_band_id.fc2ea29730
[0m01:27:01.136617 [debug] [Thread-1 (]: Began running node test.bfsi_dbt.unique_dim_dti_band_dti_band_id.e4e6620662
[0m01:27:01.136617 [info ] [Thread-1 (]: 24 of 45 START test unique_dim_dti_band_dti_band_id ............................ [RUN]
[0m01:27:01.137623 [debug] [Thread-1 (]: Re-using an available connection from the pool (formerly test.bfsi_dbt.unique_dim_income_band_income_band_id.fc2ea29730, now test.bfsi_dbt.unique_dim_dti_band_dti_band_id.e4e6620662)
[0m01:27:01.137623 [debug] [Thread-1 (]: Began compiling node test.bfsi_dbt.unique_dim_dti_band_dti_band_id.e4e6620662
[0m01:27:01.141617 [debug] [Thread-1 (]: Writing injected SQL for node "test.bfsi_dbt.unique_dim_dti_band_dti_band_id.e4e6620662"
[0m01:27:01.142617 [debug] [Thread-1 (]: Began executing node test.bfsi_dbt.unique_dim_dti_band_dti_band_id.e4e6620662
[0m01:27:01.144617 [debug] [Thread-1 (]: Writing runtime sql for node "test.bfsi_dbt.unique_dim_dti_band_dti_band_id.e4e6620662"
[0m01:27:01.144617 [debug] [Thread-1 (]: On test.bfsi_dbt.unique_dim_dti_band_dti_band_id.e4e6620662: /* {"app": "dbt", "dbt_version": "1.11.12", "profile_name": "bfsi_dbt", "target_name": "dev", "node_id": "test.bfsi_dbt.unique_dim_dti_band_dti_band_id.e4e6620662"} */

    
    select
      count(*) as failures,
      count(*) != 0 as should_warn,
      count(*) != 0 as should_error
    from (
      
    
  
    
    

with dbt_test__target as (

  select dti_band_id as unique_field
  from `bfsi-loan-analytics`.`bfsi_loans`.`dim_dti_band`
  where dti_band_id is not null

)

select
    unique_field,
    count(*) as n_records

from dbt_test__target
group by unique_field
having count(*) > 1



  
  
      
    ) dbt_internal_test
[0m01:27:01.145619 [debug] [Thread-1 (]: Opening a new connection, currently in state closed
[0m01:27:01.449366 [info ] [Thread-2 (]: 21 of 45 PASS not_null_dim_dti_band_dti_band ................................... [[32mPASS[0m in 2.48s]
[0m01:27:01.450375 [debug] [Thread-2 (]: Finished running node test.bfsi_dbt.not_null_dim_dti_band_dti_band.5fd7f8997d
[0m01:27:01.450375 [debug] [Thread-2 (]: Began running node test.bfsi_dbt.not_null_dim_risk_tier_risk_tier.761c793c66
[0m01:27:01.451373 [info ] [Thread-2 (]: 25 of 45 START test not_null_dim_risk_tier_risk_tier ........................... [RUN]
[0m01:27:01.451373 [debug] [Thread-2 (]: Re-using an available connection from the pool (formerly test.bfsi_dbt.not_null_dim_dti_band_dti_band.5fd7f8997d, now test.bfsi_dbt.not_null_dim_risk_tier_risk_tier.761c793c66)
[0m01:27:01.452372 [debug] [Thread-2 (]: Began compiling node test.bfsi_dbt.not_null_dim_risk_tier_risk_tier.761c793c66
[0m01:27:01.455369 [debug] [Thread-2 (]: Writing injected SQL for node "test.bfsi_dbt.not_null_dim_risk_tier_risk_tier.761c793c66"
[0m01:27:01.456367 [debug] [Thread-2 (]: Began executing node test.bfsi_dbt.not_null_dim_risk_tier_risk_tier.761c793c66
[0m01:27:01.458384 [debug] [Thread-2 (]: Writing runtime sql for node "test.bfsi_dbt.not_null_dim_risk_tier_risk_tier.761c793c66"
[0m01:27:01.459369 [debug] [Thread-2 (]: On test.bfsi_dbt.not_null_dim_risk_tier_risk_tier.761c793c66: /* {"app": "dbt", "dbt_version": "1.11.12", "profile_name": "bfsi_dbt", "target_name": "dev", "node_id": "test.bfsi_dbt.not_null_dim_risk_tier_risk_tier.761c793c66"} */

    
    select
      count(*) as failures,
      count(*) != 0 as should_warn,
      count(*) != 0 as should_error
    from (
      
    
  
    
    



select risk_tier
from `bfsi-loan-analytics`.`bfsi_loans`.`dim_risk_tier`
where risk_tier is null



  
  
      
    ) dbt_internal_test
[0m01:27:01.459369 [debug] [Thread-2 (]: Opening a new connection, currently in state closed
[0m01:27:01.543511 [debug] [Thread-3 (]: SQL status: OK in 0.482 seconds
[0m01:27:02.326555 [debug] [Thread-1 (]: BigQuery adapter: https://console.cloud.google.com/bigquery?project=bfsi-loan-analytics&j=bq:US:161a1a87-1533-4b45-a4ce-764f3b31edbc&page=queryresults
[0m01:27:02.367919 [debug] [Thread-4 (]: BigQuery adapter: https://console.cloud.google.com/bigquery?project=bfsi-loan-analytics&j=bq:US:2d40c789-3427-4c7b-b868-35550018bd09&page=queryresults
[0m01:27:02.597697 [debug] [Thread-2 (]: BigQuery adapter: https://console.cloud.google.com/bigquery?project=bfsi-loan-analytics&j=bq:US:ed8fb363-e02b-4ba1-bf8c-bc2400e3c0f2&page=queryresults
[0m01:27:02.809773 [debug] [Thread-4 (]: SQL status: OK in 0.441 seconds
[0m01:27:02.823286 [debug] [Thread-1 (]: SQL status: OK in 0.496 seconds
[0m01:27:02.836277 [info ] [Thread-3 (]: 22 of 45 PASS not_null_dim_dti_band_dti_band_id ................................ [[32mPASS[0m in 2.71s]
[0m01:27:02.837279 [debug] [Thread-3 (]: Finished running node test.bfsi_dbt.not_null_dim_dti_band_dti_band_id.8965dc3ffa
[0m01:27:02.837279 [debug] [Thread-3 (]: Began running node test.bfsi_dbt.not_null_dim_risk_tier_risk_tier_id.7b9dcebed0
[0m01:27:02.837279 [info ] [Thread-3 (]: 26 of 45 START test not_null_dim_risk_tier_risk_tier_id ........................ [RUN]
[0m01:27:02.838275 [debug] [Thread-3 (]: Re-using an available connection from the pool (formerly test.bfsi_dbt.not_null_dim_dti_band_dti_band_id.8965dc3ffa, now test.bfsi_dbt.not_null_dim_risk_tier_risk_tier_id.7b9dcebed0)
[0m01:27:02.838275 [debug] [Thread-3 (]: Began compiling node test.bfsi_dbt.not_null_dim_risk_tier_risk_tier_id.7b9dcebed0
[0m01:27:02.843276 [debug] [Thread-3 (]: Writing injected SQL for node "test.bfsi_dbt.not_null_dim_risk_tier_risk_tier_id.7b9dcebed0"
[0m01:27:02.844274 [debug] [Thread-3 (]: Began executing node test.bfsi_dbt.not_null_dim_risk_tier_risk_tier_id.7b9dcebed0
[0m01:27:02.846277 [debug] [Thread-3 (]: Writing runtime sql for node "test.bfsi_dbt.not_null_dim_risk_tier_risk_tier_id.7b9dcebed0"
[0m01:27:02.847274 [debug] [Thread-3 (]: On test.bfsi_dbt.not_null_dim_risk_tier_risk_tier_id.7b9dcebed0: /* {"app": "dbt", "dbt_version": "1.11.12", "profile_name": "bfsi_dbt", "target_name": "dev", "node_id": "test.bfsi_dbt.not_null_dim_risk_tier_risk_tier_id.7b9dcebed0"} */

    
    select
      count(*) as failures,
      count(*) != 0 as should_warn,
      count(*) != 0 as should_error
    from (
      
    
  
    
    



select risk_tier_id
from `bfsi-loan-analytics`.`bfsi_loans`.`dim_risk_tier`
where risk_tier_id is null



  
  
      
    ) dbt_internal_test
[0m01:27:02.847274 [debug] [Thread-3 (]: Opening a new connection, currently in state closed
[0m01:27:03.141968 [debug] [Thread-2 (]: SQL status: OK in 0.543 seconds
[0m01:27:03.650339 [info ] [Thread-1 (]: 24 of 45 PASS unique_dim_dti_band_dti_band_id .................................. [[32mPASS[0m in 2.51s]
[0m01:27:03.651337 [debug] [Thread-1 (]: Finished running node test.bfsi_dbt.unique_dim_dti_band_dti_band_id.e4e6620662
[0m01:27:03.651337 [debug] [Thread-1 (]: Began running node test.bfsi_dbt.unique_dim_risk_tier_risk_tier.6ea245a468
[0m01:27:03.652336 [info ] [Thread-1 (]: 27 of 45 START test unique_dim_risk_tier_risk_tier ............................. [RUN]
[0m01:27:03.652336 [debug] [Thread-1 (]: Re-using an available connection from the pool (formerly test.bfsi_dbt.unique_dim_dti_band_dti_band_id.e4e6620662, now test.bfsi_dbt.unique_dim_risk_tier_risk_tier.6ea245a468)
[0m01:27:03.652336 [debug] [Thread-1 (]: Began compiling node test.bfsi_dbt.unique_dim_risk_tier_risk_tier.6ea245a468
[0m01:27:03.656337 [debug] [Thread-1 (]: Writing injected SQL for node "test.bfsi_dbt.unique_dim_risk_tier_risk_tier.6ea245a468"
[0m01:27:03.657337 [debug] [Thread-1 (]: Began executing node test.bfsi_dbt.unique_dim_risk_tier_risk_tier.6ea245a468
[0m01:27:03.659336 [debug] [Thread-1 (]: Writing runtime sql for node "test.bfsi_dbt.unique_dim_risk_tier_risk_tier.6ea245a468"
[0m01:27:03.660336 [debug] [Thread-1 (]: On test.bfsi_dbt.unique_dim_risk_tier_risk_tier.6ea245a468: /* {"app": "dbt", "dbt_version": "1.11.12", "profile_name": "bfsi_dbt", "target_name": "dev", "node_id": "test.bfsi_dbt.unique_dim_risk_tier_risk_tier.6ea245a468"} */

    
    select
      count(*) as failures,
      count(*) != 0 as should_warn,
      count(*) != 0 as should_error
    from (
      
    
  
    
    

with dbt_test__target as (

  select risk_tier as unique_field
  from `bfsi-loan-analytics`.`bfsi_loans`.`dim_risk_tier`
  where risk_tier is not null

)

select
    unique_field,
    count(*) as n_records

from dbt_test__target
group by unique_field
having count(*) > 1



  
  
      
    ) dbt_internal_test
[0m01:27:03.661346 [debug] [Thread-1 (]: Opening a new connection, currently in state closed
[0m01:27:03.785977 [info ] [Thread-4 (]: 23 of 45 PASS unique_dim_dti_band_dti_band ..................................... [[32mPASS[0m in 2.78s]
[0m01:27:03.786977 [debug] [Thread-4 (]: Finished running node test.bfsi_dbt.unique_dim_dti_band_dti_band.d53638241d
[0m01:27:03.786977 [debug] [Thread-4 (]: Began running node test.bfsi_dbt.unique_dim_risk_tier_risk_tier_id.d2afda1e3a
[0m01:27:03.786977 [info ] [Thread-4 (]: 28 of 45 START test unique_dim_risk_tier_risk_tier_id .......................... [RUN]
[0m01:27:03.787977 [debug] [Thread-4 (]: Re-using an available connection from the pool (formerly test.bfsi_dbt.unique_dim_dti_band_dti_band.d53638241d, now test.bfsi_dbt.unique_dim_risk_tier_risk_tier_id.d2afda1e3a)
[0m01:27:03.787977 [debug] [Thread-4 (]: Began compiling node test.bfsi_dbt.unique_dim_risk_tier_risk_tier_id.d2afda1e3a
[0m01:27:03.790979 [debug] [Thread-4 (]: Writing injected SQL for node "test.bfsi_dbt.unique_dim_risk_tier_risk_tier_id.d2afda1e3a"
[0m01:27:03.791984 [debug] [Thread-4 (]: Began executing node test.bfsi_dbt.unique_dim_risk_tier_risk_tier_id.d2afda1e3a
[0m01:27:03.793985 [debug] [Thread-4 (]: Writing runtime sql for node "test.bfsi_dbt.unique_dim_risk_tier_risk_tier_id.d2afda1e3a"
[0m01:27:03.794978 [debug] [Thread-4 (]: On test.bfsi_dbt.unique_dim_risk_tier_risk_tier_id.d2afda1e3a: /* {"app": "dbt", "dbt_version": "1.11.12", "profile_name": "bfsi_dbt", "target_name": "dev", "node_id": "test.bfsi_dbt.unique_dim_risk_tier_risk_tier_id.d2afda1e3a"} */

    
    select
      count(*) as failures,
      count(*) != 0 as should_warn,
      count(*) != 0 as should_error
    from (
      
    
  
    
    

with dbt_test__target as (

  select risk_tier_id as unique_field
  from `bfsi-loan-analytics`.`bfsi_loans`.`dim_risk_tier`
  where risk_tier_id is not null

)

select
    unique_field,
    count(*) as n_records

from dbt_test__target
group by unique_field
having count(*) > 1



  
  
      
    ) dbt_internal_test
[0m01:27:03.794978 [debug] [Thread-4 (]: Opening a new connection, currently in state closed
[0m01:27:04.079372 [debug] [Thread-3 (]: BigQuery adapter: https://console.cloud.google.com/bigquery?project=bfsi-loan-analytics&j=bq:US:5ef631b9-a035-4c11-a76d-1e726feceb93&page=queryresults
[0m01:27:04.178840 [info ] [Thread-2 (]: 25 of 45 PASS not_null_dim_risk_tier_risk_tier ................................. [[32mPASS[0m in 2.73s]
[0m01:27:04.179841 [debug] [Thread-2 (]: Finished running node test.bfsi_dbt.not_null_dim_risk_tier_risk_tier.761c793c66
[0m01:27:04.592895 [debug] [Thread-3 (]: SQL status: OK in 0.513 seconds
[0m01:27:04.767962 [debug] [Thread-1 (]: BigQuery adapter: https://console.cloud.google.com/bigquery?project=bfsi-loan-analytics&j=bq:US:08e81b21-d71b-4a38-9436-25c02fd77898&page=queryresults
[0m01:27:04.803528 [debug] [Thread-4 (]: BigQuery adapter: https://console.cloud.google.com/bigquery?project=bfsi-loan-analytics&j=bq:US:b561eba0-3714-44ad-b1cd-1e5d73af8e13&page=queryresults
[0m01:27:05.236354 [debug] [Thread-1 (]: SQL status: OK in 0.468 seconds
[0m01:27:05.281669 [debug] [Thread-4 (]: SQL status: OK in 0.478 seconds
[0m01:27:05.612923 [info ] [Thread-3 (]: 26 of 45 PASS not_null_dim_risk_tier_risk_tier_id .............................. [[32mPASS[0m in 2.77s]
[0m01:27:05.613921 [debug] [Thread-3 (]: Finished running node test.bfsi_dbt.not_null_dim_risk_tier_risk_tier_id.7b9dcebed0
[0m01:27:06.109580 [info ] [Thread-4 (]: 28 of 45 PASS unique_dim_risk_tier_risk_tier_id ................................ [[32mPASS[0m in 2.32s]
[0m01:27:06.110581 [debug] [Thread-4 (]: Finished running node test.bfsi_dbt.unique_dim_risk_tier_risk_tier_id.d2afda1e3a
[0m01:27:06.203497 [info ] [Thread-1 (]: 27 of 45 PASS unique_dim_risk_tier_risk_tier ................................... [[32mPASS[0m in 2.55s]
[0m01:27:06.204497 [debug] [Thread-1 (]: Finished running node test.bfsi_dbt.unique_dim_risk_tier_risk_tier.6ea245a468
[0m01:27:06.205494 [debug] [Thread-2 (]: Began running node model.bfsi_dbt.fact_loans
[0m01:27:06.205494 [info ] [Thread-2 (]: 29 of 45 START sql table model bfsi_loans.fact_loans ........................... [RUN]
[0m01:27:06.206494 [debug] [Thread-2 (]: Re-using an available connection from the pool (formerly test.bfsi_dbt.not_null_dim_risk_tier_risk_tier.761c793c66, now model.bfsi_dbt.fact_loans)
[0m01:27:06.206494 [debug] [Thread-2 (]: Began compiling node model.bfsi_dbt.fact_loans
[0m01:27:06.210496 [debug] [Thread-2 (]: Writing injected SQL for node "model.bfsi_dbt.fact_loans"
[0m01:27:06.211494 [debug] [Thread-2 (]: Began executing node model.bfsi_dbt.fact_loans
[0m01:27:06.213497 [debug] [Thread-2 (]: Opening a new connection, currently in state closed
[0m01:27:06.975286 [debug] [Thread-2 (]: Writing runtime sql for node "model.bfsi_dbt.fact_loans"
[0m01:27:06.976286 [debug] [Thread-2 (]: On model.bfsi_dbt.fact_loans: /* {"app": "dbt", "dbt_version": "1.11.12", "profile_name": "bfsi_dbt", "target_name": "dev", "node_id": "model.bfsi_dbt.fact_loans"} */

  
    

    create or replace table `bfsi-loan-analytics`.`bfsi_loans`.`fact_loans`
      
    
    

    
    OPTIONS()
    as (
      with loans as (
    select * from `bfsi-loan-analytics`.`bfsi_loans_intermediate`.`int_loans_enriched`
),
dim_grade      as (select * from `bfsi-loan-analytics`.`bfsi_loans`.`dim_grade`),
dim_purpose    as (select * from `bfsi-loan-analytics`.`bfsi_loans`.`dim_purpose`),
dim_income_band as (select * from `bfsi-loan-analytics`.`bfsi_loans`.`dim_income_band`),
dim_dti_band   as (select * from `bfsi-loan-analytics`.`bfsi_loans`.`dim_dti_band`),
dim_risk_tier  as (select * from `bfsi-loan-analytics`.`bfsi_loans`.`dim_risk_tier`)

select
    -- surrogate key
    l.loan_id,

    -- foreign keys to dimension tables
    g.grade_id,
    p.purpose_id,
    i.income_band_id,
    d.dti_band_id,
    r.risk_tier_id,

    -- loan sizing
    l.loan_amnt,
    l.funded_amnt,
    l.funded_amnt_inv,
    l.term,
    l.int_rate,
    l.installment,

    -- borrower profile
    l.annual_inc,
    l.dti,
    l.fico_range_low,
    l.fico_range_high,
    l.home_ownership,
    l.verification_status,
    l.application_type,
    l.sub_grade,
    l.addr_state,

    -- credit health
    l.revol_bal,
    l.revol_util,
    l.open_acc,
    l.pub_rec,
    l.delinq_2yrs,

    -- payment performance
    l.total_pymnt,
    l.total_rec_prncp,
    l.total_rec_int,
    l.recoveries,
    l.out_prncp,

    -- time
    l.issue_date,
    l.issue_year,

    -- target
    l.loan_outcome,
    l.loan_status

from loans l
left join dim_grade       g on l.grade       = g.grade
left join dim_purpose     p on l.purpose     = p.purpose
left join dim_income_band i on l.income_band = i.income_band
left join dim_dti_band    d on l.dti_band    = d.dti_band
left join dim_risk_tier   r on l.risk_tier   = r.risk_tier
    );
  
[0m01:27:07.944124 [debug] [Thread-2 (]: BigQuery adapter: https://console.cloud.google.com/bigquery?project=bfsi-loan-analytics&j=bq:US:d0eded31-1b5f-4b82-8e93-6ab05b6b0134&page=queryresults
[0m01:27:11.455918 [debug] [Thread-2 (]: SQL status: OK in 3.511 seconds
[0m01:27:11.943011 [debug] [Thread-2 (]: Sending event: {'category': 'dbt', 'action': 'run_model', 'label': 'c228d504-8e80-48b6-acfe-1a2e3d1c341e', 'context': [<snowplow_tracker.self_describing_json.SelfDescribingJson object at 0x0000025390944350>]}
[0m01:27:11.944013 [info ] [Thread-2 (]: 29 of 45 OK created sql table model bfsi_loans.fact_loans ...................... [[32mCREATE TABLE (1.3m rows, 366.5 MiB processed)[0m in 5.74s]
[0m01:27:11.944013 [debug] [Thread-2 (]: Finished running node model.bfsi_dbt.fact_loans
[0m01:27:11.945010 [debug] [Thread-4 (]: Began running node test.bfsi_dbt.accepted_values_fact_loans_loan_outcome__False__0__1.1589c33082
[0m01:27:11.946011 [debug] [Thread-1 (]: Began running node test.bfsi_dbt.not_null_fact_loans_dti_band_id.7bcc8a0259
[0m01:27:11.947012 [debug] [Thread-3 (]: Began running node test.bfsi_dbt.not_null_fact_loans_grade_id.0abfb01b62
[0m01:27:11.946011 [info ] [Thread-4 (]: 30 of 45 START test accepted_values_fact_loans_loan_outcome__False__0__1 ....... [RUN]
[0m01:27:11.948013 [debug] [Thread-2 (]: Began running node test.bfsi_dbt.not_null_fact_loans_income_band_id.72e92102bb
[0m01:27:11.947012 [info ] [Thread-1 (]: 31 of 45 START test not_null_fact_loans_dti_band_id ............................ [RUN]
[0m01:27:11.948013 [info ] [Thread-3 (]: 32 of 45 START test not_null_fact_loans_grade_id ............................... [RUN]
[0m01:27:11.949012 [debug] [Thread-4 (]: Re-using an available connection from the pool (formerly test.bfsi_dbt.unique_dim_risk_tier_risk_tier_id.d2afda1e3a, now test.bfsi_dbt.accepted_values_fact_loans_loan_outcome__False__0__1.1589c33082)
[0m01:27:11.949012 [info ] [Thread-2 (]: 33 of 45 START test not_null_fact_loans_income_band_id ......................... [RUN]
[0m01:27:11.949012 [debug] [Thread-1 (]: Re-using an available connection from the pool (formerly test.bfsi_dbt.unique_dim_risk_tier_risk_tier.6ea245a468, now test.bfsi_dbt.not_null_fact_loans_dti_band_id.7bcc8a0259)
[0m01:27:11.950013 [debug] [Thread-3 (]: Re-using an available connection from the pool (formerly test.bfsi_dbt.not_null_dim_risk_tier_risk_tier_id.7b9dcebed0, now test.bfsi_dbt.not_null_fact_loans_grade_id.0abfb01b62)
[0m01:27:11.950013 [debug] [Thread-4 (]: Began compiling node test.bfsi_dbt.accepted_values_fact_loans_loan_outcome__False__0__1.1589c33082
[0m01:27:11.950013 [debug] [Thread-2 (]: Re-using an available connection from the pool (formerly model.bfsi_dbt.fact_loans, now test.bfsi_dbt.not_null_fact_loans_income_band_id.72e92102bb)
[0m01:27:11.951011 [debug] [Thread-1 (]: Began compiling node test.bfsi_dbt.not_null_fact_loans_dti_band_id.7bcc8a0259
[0m01:27:11.951011 [debug] [Thread-3 (]: Began compiling node test.bfsi_dbt.not_null_fact_loans_grade_id.0abfb01b62
[0m01:27:11.955011 [debug] [Thread-4 (]: Writing injected SQL for node "test.bfsi_dbt.accepted_values_fact_loans_loan_outcome__False__0__1.1589c33082"
[0m01:27:11.955011 [debug] [Thread-2 (]: Began compiling node test.bfsi_dbt.not_null_fact_loans_income_band_id.72e92102bb
[0m01:27:11.960013 [debug] [Thread-1 (]: Writing injected SQL for node "test.bfsi_dbt.not_null_fact_loans_dti_band_id.7bcc8a0259"
[0m01:27:11.963013 [debug] [Thread-3 (]: Writing injected SQL for node "test.bfsi_dbt.not_null_fact_loans_grade_id.0abfb01b62"
[0m01:27:11.966014 [debug] [Thread-2 (]: Writing injected SQL for node "test.bfsi_dbt.not_null_fact_loans_income_band_id.72e92102bb"
[0m01:27:11.967014 [debug] [Thread-4 (]: Began executing node test.bfsi_dbt.accepted_values_fact_loans_loan_outcome__False__0__1.1589c33082
[0m01:27:11.969012 [debug] [Thread-4 (]: Writing runtime sql for node "test.bfsi_dbt.accepted_values_fact_loans_loan_outcome__False__0__1.1589c33082"
[0m01:27:11.970013 [debug] [Thread-2 (]: Began executing node test.bfsi_dbt.not_null_fact_loans_income_band_id.72e92102bb
[0m01:27:11.970013 [debug] [Thread-1 (]: Began executing node test.bfsi_dbt.not_null_fact_loans_dti_band_id.7bcc8a0259
[0m01:27:11.973013 [debug] [Thread-2 (]: Writing runtime sql for node "test.bfsi_dbt.not_null_fact_loans_income_band_id.72e92102bb"
[0m01:27:11.973013 [debug] [Thread-3 (]: Began executing node test.bfsi_dbt.not_null_fact_loans_grade_id.0abfb01b62
[0m01:27:11.975014 [debug] [Thread-1 (]: Writing runtime sql for node "test.bfsi_dbt.not_null_fact_loans_dti_band_id.7bcc8a0259"
[0m01:27:11.976010 [debug] [Thread-4 (]: On test.bfsi_dbt.accepted_values_fact_loans_loan_outcome__False__0__1.1589c33082: /* {"app": "dbt", "dbt_version": "1.11.12", "profile_name": "bfsi_dbt", "target_name": "dev", "node_id": "test.bfsi_dbt.accepted_values_fact_loans_loan_outcome__False__0__1.1589c33082"} */

    
    select
      count(*) as failures,
      count(*) != 0 as should_warn,
      count(*) != 0 as should_error
    from (
      
    
  
    
    

with all_values as (

    select
        loan_outcome as value_field,
        count(*) as n_records

    from `bfsi-loan-analytics`.`bfsi_loans`.`fact_loans`
    group by loan_outcome

)

select *
from all_values
where value_field not in (
    0,1
)



  
  
      
    ) dbt_internal_test
[0m01:27:11.977014 [debug] [Thread-3 (]: Writing runtime sql for node "test.bfsi_dbt.not_null_fact_loans_grade_id.0abfb01b62"
[0m01:27:11.978013 [debug] [Thread-2 (]: On test.bfsi_dbt.not_null_fact_loans_income_band_id.72e92102bb: /* {"app": "dbt", "dbt_version": "1.11.12", "profile_name": "bfsi_dbt", "target_name": "dev", "node_id": "test.bfsi_dbt.not_null_fact_loans_income_band_id.72e92102bb"} */

    
    select
      count(*) as failures,
      count(*) != 0 as should_warn,
      count(*) != 0 as should_error
    from (
      
    
  
    
    



select income_band_id
from `bfsi-loan-analytics`.`bfsi_loans`.`fact_loans`
where income_band_id is null



  
  
      
    ) dbt_internal_test
[0m01:27:11.978013 [debug] [Thread-4 (]: Opening a new connection, currently in state closed
[0m01:27:11.979013 [debug] [Thread-2 (]: Opening a new connection, currently in state closed
[0m01:27:11.980009 [debug] [Thread-1 (]: On test.bfsi_dbt.not_null_fact_loans_dti_band_id.7bcc8a0259: /* {"app": "dbt", "dbt_version": "1.11.12", "profile_name": "bfsi_dbt", "target_name": "dev", "node_id": "test.bfsi_dbt.not_null_fact_loans_dti_band_id.7bcc8a0259"} */

    
    select
      count(*) as failures,
      count(*) != 0 as should_warn,
      count(*) != 0 as should_error
    from (
      
    
  
    
    



select dti_band_id
from `bfsi-loan-analytics`.`bfsi_loans`.`fact_loans`
where dti_band_id is null



  
  
      
    ) dbt_internal_test
[0m01:27:11.981013 [debug] [Thread-1 (]: Opening a new connection, currently in state closed
[0m01:27:11.982013 [debug] [Thread-3 (]: On test.bfsi_dbt.not_null_fact_loans_grade_id.0abfb01b62: /* {"app": "dbt", "dbt_version": "1.11.12", "profile_name": "bfsi_dbt", "target_name": "dev", "node_id": "test.bfsi_dbt.not_null_fact_loans_grade_id.0abfb01b62"} */

    
    select
      count(*) as failures,
      count(*) != 0 as should_warn,
      count(*) != 0 as should_error
    from (
      
    
  
    
    



select grade_id
from `bfsi-loan-analytics`.`bfsi_loans`.`fact_loans`
where grade_id is null



  
  
      
    ) dbt_internal_test
[0m01:27:11.983013 [debug] [Thread-3 (]: Opening a new connection, currently in state closed
[0m01:27:13.208152 [debug] [Thread-1 (]: BigQuery adapter: https://console.cloud.google.com/bigquery?project=bfsi-loan-analytics&j=bq:US:29c573d1-7fd2-40b0-a16c-a93df42bf71e&page=queryresults
[0m01:27:13.212149 [debug] [Thread-2 (]: BigQuery adapter: https://console.cloud.google.com/bigquery?project=bfsi-loan-analytics&j=bq:US:4dbc1f65-84cc-4b1f-9cef-7cd5da7d0867&page=queryresults
[0m01:27:13.213148 [debug] [Thread-4 (]: BigQuery adapter: https://console.cloud.google.com/bigquery?project=bfsi-loan-analytics&j=bq:US:c441f800-5c7a-4550-b357-248f340bf6b4&page=queryresults
[0m01:27:13.284150 [debug] [Thread-3 (]: BigQuery adapter: https://console.cloud.google.com/bigquery?project=bfsi-loan-analytics&j=bq:US:840f867a-9139-4e1d-9703-29db9d965987&page=queryresults
[0m01:27:13.688620 [debug] [Thread-2 (]: SQL status: OK in 0.476 seconds
[0m01:27:13.689629 [debug] [Thread-4 (]: SQL status: OK in 0.476 seconds
[0m01:27:13.729626 [debug] [Thread-1 (]: SQL status: OK in 0.520 seconds
[0m01:27:13.874138 [debug] [Thread-3 (]: SQL status: OK in 0.589 seconds
[0m01:27:14.572548 [info ] [Thread-2 (]: 33 of 45 PASS not_null_fact_loans_income_band_id ............................... [[32mPASS[0m in 2.62s]
[0m01:27:14.573548 [debug] [Thread-2 (]: Finished running node test.bfsi_dbt.not_null_fact_loans_income_band_id.72e92102bb
[0m01:27:14.573548 [debug] [Thread-2 (]: Began running node test.bfsi_dbt.not_null_fact_loans_issue_year.891a0d74e6
[0m01:27:14.574558 [info ] [Thread-2 (]: 34 of 45 START test not_null_fact_loans_issue_year ............................. [RUN]
[0m01:27:14.575549 [debug] [Thread-2 (]: Re-using an available connection from the pool (formerly test.bfsi_dbt.not_null_fact_loans_income_band_id.72e92102bb, now test.bfsi_dbt.not_null_fact_loans_issue_year.891a0d74e6)
[0m01:27:14.575549 [debug] [Thread-2 (]: Began compiling node test.bfsi_dbt.not_null_fact_loans_issue_year.891a0d74e6
[0m01:27:14.579553 [debug] [Thread-2 (]: Writing injected SQL for node "test.bfsi_dbt.not_null_fact_loans_issue_year.891a0d74e6"
[0m01:27:14.580850 [debug] [Thread-2 (]: Began executing node test.bfsi_dbt.not_null_fact_loans_issue_year.891a0d74e6
[0m01:27:14.583859 [debug] [Thread-2 (]: Writing runtime sql for node "test.bfsi_dbt.not_null_fact_loans_issue_year.891a0d74e6"
[0m01:27:14.584858 [debug] [Thread-2 (]: On test.bfsi_dbt.not_null_fact_loans_issue_year.891a0d74e6: /* {"app": "dbt", "dbt_version": "1.11.12", "profile_name": "bfsi_dbt", "target_name": "dev", "node_id": "test.bfsi_dbt.not_null_fact_loans_issue_year.891a0d74e6"} */

    
    select
      count(*) as failures,
      count(*) != 0 as should_warn,
      count(*) != 0 as should_error
    from (
      
    
  
    
    



select issue_year
from `bfsi-loan-analytics`.`bfsi_loans`.`fact_loans`
where issue_year is null



  
  
      
    ) dbt_internal_test
[0m01:27:14.585361 [debug] [Thread-2 (]: Opening a new connection, currently in state closed
[0m01:27:14.590374 [info ] [Thread-4 (]: 30 of 45 PASS accepted_values_fact_loans_loan_outcome__False__0__1 ............. [[32mPASS[0m in 2.64s]
[0m01:27:14.591386 [debug] [Thread-4 (]: Finished running node test.bfsi_dbt.accepted_values_fact_loans_loan_outcome__False__0__1.1589c33082
[0m01:27:14.591386 [debug] [Thread-4 (]: Began running node test.bfsi_dbt.not_null_fact_loans_loan_amnt.db699070a2
[0m01:27:14.592377 [info ] [Thread-4 (]: 35 of 45 START test not_null_fact_loans_loan_amnt .............................. [RUN]
[0m01:27:14.592377 [debug] [Thread-4 (]: Re-using an available connection from the pool (formerly test.bfsi_dbt.accepted_values_fact_loans_loan_outcome__False__0__1.1589c33082, now test.bfsi_dbt.not_null_fact_loans_loan_amnt.db699070a2)
[0m01:27:14.592377 [debug] [Thread-4 (]: Began compiling node test.bfsi_dbt.not_null_fact_loans_loan_amnt.db699070a2
[0m01:27:14.597367 [debug] [Thread-4 (]: Writing injected SQL for node "test.bfsi_dbt.not_null_fact_loans_loan_amnt.db699070a2"
[0m01:27:14.598367 [debug] [Thread-4 (]: Began executing node test.bfsi_dbt.not_null_fact_loans_loan_amnt.db699070a2
[0m01:27:14.600772 [debug] [Thread-4 (]: Writing runtime sql for node "test.bfsi_dbt.not_null_fact_loans_loan_amnt.db699070a2"
[0m01:27:14.601772 [debug] [Thread-4 (]: On test.bfsi_dbt.not_null_fact_loans_loan_amnt.db699070a2: /* {"app": "dbt", "dbt_version": "1.11.12", "profile_name": "bfsi_dbt", "target_name": "dev", "node_id": "test.bfsi_dbt.not_null_fact_loans_loan_amnt.db699070a2"} */

    
    select
      count(*) as failures,
      count(*) != 0 as should_warn,
      count(*) != 0 as should_error
    from (
      
    
  
    
    



select loan_amnt
from `bfsi-loan-analytics`.`bfsi_loans`.`fact_loans`
where loan_amnt is null



  
  
      
    ) dbt_internal_test
[0m01:27:14.601772 [debug] [Thread-4 (]: Opening a new connection, currently in state closed
[0m01:27:14.636773 [info ] [Thread-1 (]: 31 of 45 PASS not_null_fact_loans_dti_band_id .................................. [[32mPASS[0m in 2.69s]
[0m01:27:14.637773 [debug] [Thread-1 (]: Finished running node test.bfsi_dbt.not_null_fact_loans_dti_band_id.7bcc8a0259
[0m01:27:14.637773 [debug] [Thread-1 (]: Began running node test.bfsi_dbt.not_null_fact_loans_loan_id.fbdba74499
[0m01:27:14.638772 [info ] [Thread-1 (]: 36 of 45 START test not_null_fact_loans_loan_id ................................ [RUN]
[0m01:27:14.638772 [debug] [Thread-1 (]: Re-using an available connection from the pool (formerly test.bfsi_dbt.not_null_fact_loans_dti_band_id.7bcc8a0259, now test.bfsi_dbt.not_null_fact_loans_loan_id.fbdba74499)
[0m01:27:14.638772 [debug] [Thread-1 (]: Began compiling node test.bfsi_dbt.not_null_fact_loans_loan_id.fbdba74499
[0m01:27:14.642776 [debug] [Thread-1 (]: Writing injected SQL for node "test.bfsi_dbt.not_null_fact_loans_loan_id.fbdba74499"
[0m01:27:14.644019 [debug] [Thread-1 (]: Began executing node test.bfsi_dbt.not_null_fact_loans_loan_id.fbdba74499
[0m01:27:14.645358 [debug] [Thread-1 (]: Writing runtime sql for node "test.bfsi_dbt.not_null_fact_loans_loan_id.fbdba74499"
[0m01:27:14.646618 [debug] [Thread-1 (]: On test.bfsi_dbt.not_null_fact_loans_loan_id.fbdba74499: /* {"app": "dbt", "dbt_version": "1.11.12", "profile_name": "bfsi_dbt", "target_name": "dev", "node_id": "test.bfsi_dbt.not_null_fact_loans_loan_id.fbdba74499"} */

    
    select
      count(*) as failures,
      count(*) != 0 as should_warn,
      count(*) != 0 as should_error
    from (
      
    
  
    
    



select loan_id
from `bfsi-loan-analytics`.`bfsi_loans`.`fact_loans`
where loan_id is null



  
  
      
    ) dbt_internal_test
[0m01:27:14.647646 [debug] [Thread-1 (]: Opening a new connection, currently in state closed
[0m01:27:14.894899 [info ] [Thread-3 (]: 32 of 45 PASS not_null_fact_loans_grade_id ..................................... [[32mPASS[0m in 2.94s]
[0m01:27:14.894899 [debug] [Thread-3 (]: Finished running node test.bfsi_dbt.not_null_fact_loans_grade_id.0abfb01b62
[0m01:27:14.895898 [debug] [Thread-3 (]: Began running node test.bfsi_dbt.not_null_fact_loans_loan_outcome.5bc3379909
[0m01:27:14.895898 [info ] [Thread-3 (]: 37 of 45 START test not_null_fact_loans_loan_outcome ........................... [RUN]
[0m01:27:14.896894 [debug] [Thread-3 (]: Re-using an available connection from the pool (formerly test.bfsi_dbt.not_null_fact_loans_grade_id.0abfb01b62, now test.bfsi_dbt.not_null_fact_loans_loan_outcome.5bc3379909)
[0m01:27:14.896894 [debug] [Thread-3 (]: Began compiling node test.bfsi_dbt.not_null_fact_loans_loan_outcome.5bc3379909
[0m01:27:14.900892 [debug] [Thread-3 (]: Writing injected SQL for node "test.bfsi_dbt.not_null_fact_loans_loan_outcome.5bc3379909"
[0m01:27:14.901897 [debug] [Thread-3 (]: Began executing node test.bfsi_dbt.not_null_fact_loans_loan_outcome.5bc3379909
[0m01:27:14.903893 [debug] [Thread-3 (]: Writing runtime sql for node "test.bfsi_dbt.not_null_fact_loans_loan_outcome.5bc3379909"
[0m01:27:14.904893 [debug] [Thread-3 (]: On test.bfsi_dbt.not_null_fact_loans_loan_outcome.5bc3379909: /* {"app": "dbt", "dbt_version": "1.11.12", "profile_name": "bfsi_dbt", "target_name": "dev", "node_id": "test.bfsi_dbt.not_null_fact_loans_loan_outcome.5bc3379909"} */

    
    select
      count(*) as failures,
      count(*) != 0 as should_warn,
      count(*) != 0 as should_error
    from (
      
    
  
    
    



select loan_outcome
from `bfsi-loan-analytics`.`bfsi_loans`.`fact_loans`
where loan_outcome is null



  
  
      
    ) dbt_internal_test
[0m01:27:14.904893 [debug] [Thread-3 (]: Opening a new connection, currently in state closed
[0m01:27:15.493736 [debug] [Thread-4 (]: BigQuery adapter: https://console.cloud.google.com/bigquery?project=bfsi-loan-analytics&j=bq:US:128e1f8c-3c6e-4f31-a7ca-f408ec720de8&page=queryresults
[0m01:27:15.538160 [debug] [Thread-1 (]: BigQuery adapter: https://console.cloud.google.com/bigquery?project=bfsi-loan-analytics&j=bq:US:389c88f7-b5fc-4415-88ff-57f9c04dd05c&page=queryresults
[0m01:27:15.540580 [debug] [Thread-2 (]: BigQuery adapter: https://console.cloud.google.com/bigquery?project=bfsi-loan-analytics&j=bq:US:ac4e7301-63f6-45e3-8d3f-cc062ada95d4&page=queryresults
[0m01:27:15.897228 [debug] [Thread-4 (]: SQL status: OK in 0.403 seconds
[0m01:27:15.947850 [debug] [Thread-2 (]: SQL status: OK in 0.406 seconds
[0m01:27:16.017196 [debug] [Thread-3 (]: BigQuery adapter: https://console.cloud.google.com/bigquery?project=bfsi-loan-analytics&j=bq:US:3c5ec456-f61e-46ea-ae0a-1c89fd0e7ad9&page=queryresults
[0m01:27:16.057235 [debug] [Thread-1 (]: SQL status: OK in 0.519 seconds
[0m01:27:16.508035 [debug] [Thread-3 (]: SQL status: OK in 0.490 seconds
[0m01:27:16.903227 [info ] [Thread-2 (]: 34 of 45 PASS not_null_fact_loans_issue_year ................................... [[32mPASS[0m in 2.33s]
[0m01:27:16.903227 [debug] [Thread-2 (]: Finished running node test.bfsi_dbt.not_null_fact_loans_issue_year.891a0d74e6
[0m01:27:16.904227 [debug] [Thread-2 (]: Began running node test.bfsi_dbt.not_null_fact_loans_purpose_id.94f2995640
[0m01:27:16.904227 [info ] [Thread-2 (]: 38 of 45 START test not_null_fact_loans_purpose_id ............................. [RUN]
[0m01:27:16.905227 [debug] [Thread-2 (]: Re-using an available connection from the pool (formerly test.bfsi_dbt.not_null_fact_loans_issue_year.891a0d74e6, now test.bfsi_dbt.not_null_fact_loans_purpose_id.94f2995640)
[0m01:27:16.906227 [debug] [Thread-2 (]: Began compiling node test.bfsi_dbt.not_null_fact_loans_purpose_id.94f2995640
[0m01:27:16.910228 [debug] [Thread-2 (]: Writing injected SQL for node "test.bfsi_dbt.not_null_fact_loans_purpose_id.94f2995640"
[0m01:27:16.911227 [debug] [Thread-2 (]: Began executing node test.bfsi_dbt.not_null_fact_loans_purpose_id.94f2995640
[0m01:27:16.913227 [debug] [Thread-2 (]: Writing runtime sql for node "test.bfsi_dbt.not_null_fact_loans_purpose_id.94f2995640"
[0m01:27:16.913227 [debug] [Thread-2 (]: On test.bfsi_dbt.not_null_fact_loans_purpose_id.94f2995640: /* {"app": "dbt", "dbt_version": "1.11.12", "profile_name": "bfsi_dbt", "target_name": "dev", "node_id": "test.bfsi_dbt.not_null_fact_loans_purpose_id.94f2995640"} */

    
    select
      count(*) as failures,
      count(*) != 0 as should_warn,
      count(*) != 0 as should_error
    from (
      
    
  
    
    



select purpose_id
from `bfsi-loan-analytics`.`bfsi_loans`.`fact_loans`
where purpose_id is null



  
  
      
    ) dbt_internal_test
[0m01:27:16.914227 [debug] [Thread-2 (]: Opening a new connection, currently in state closed
[0m01:27:16.924228 [info ] [Thread-4 (]: 35 of 45 PASS not_null_fact_loans_loan_amnt .................................... [[32mPASS[0m in 2.33s]
[0m01:27:16.925228 [debug] [Thread-4 (]: Finished running node test.bfsi_dbt.not_null_fact_loans_loan_amnt.db699070a2
[0m01:27:16.925228 [debug] [Thread-4 (]: Began running node test.bfsi_dbt.not_null_fact_loans_risk_tier_id.aa8b86caf7
[0m01:27:16.925228 [info ] [Thread-4 (]: 39 of 45 START test not_null_fact_loans_risk_tier_id ........................... [RUN]
[0m01:27:16.926227 [debug] [Thread-4 (]: Re-using an available connection from the pool (formerly test.bfsi_dbt.not_null_fact_loans_loan_amnt.db699070a2, now test.bfsi_dbt.not_null_fact_loans_risk_tier_id.aa8b86caf7)
[0m01:27:16.926227 [debug] [Thread-4 (]: Began compiling node test.bfsi_dbt.not_null_fact_loans_risk_tier_id.aa8b86caf7
[0m01:27:16.929226 [debug] [Thread-4 (]: Writing injected SQL for node "test.bfsi_dbt.not_null_fact_loans_risk_tier_id.aa8b86caf7"
[0m01:27:16.930226 [debug] [Thread-4 (]: Began executing node test.bfsi_dbt.not_null_fact_loans_risk_tier_id.aa8b86caf7
[0m01:27:16.934228 [debug] [Thread-4 (]: Writing runtime sql for node "test.bfsi_dbt.not_null_fact_loans_risk_tier_id.aa8b86caf7"
[0m01:27:16.934228 [debug] [Thread-4 (]: On test.bfsi_dbt.not_null_fact_loans_risk_tier_id.aa8b86caf7: /* {"app": "dbt", "dbt_version": "1.11.12", "profile_name": "bfsi_dbt", "target_name": "dev", "node_id": "test.bfsi_dbt.not_null_fact_loans_risk_tier_id.aa8b86caf7"} */

    
    select
      count(*) as failures,
      count(*) != 0 as should_warn,
      count(*) != 0 as should_error
    from (
      
    
  
    
    



select risk_tier_id
from `bfsi-loan-analytics`.`bfsi_loans`.`fact_loans`
where risk_tier_id is null



  
  
      
    ) dbt_internal_test
[0m01:27:16.935228 [debug] [Thread-4 (]: Opening a new connection, currently in state closed
[0m01:27:16.954324 [info ] [Thread-1 (]: 36 of 45 PASS not_null_fact_loans_loan_id ...................................... [[32mPASS[0m in 2.32s]
[0m01:27:16.954324 [debug] [Thread-1 (]: Finished running node test.bfsi_dbt.not_null_fact_loans_loan_id.fbdba74499
[0m01:27:16.955322 [debug] [Thread-1 (]: Began running node test.bfsi_dbt.relationships_fact_loans_dti_band_id__dti_band_id__ref_dim_dti_band_.f6c3bc0c15
[0m01:27:16.955322 [info ] [Thread-1 (]: 40 of 45 START test relationships_fact_loans_dti_band_id__dti_band_id__ref_dim_dti_band_  [RUN]
[0m01:27:16.956323 [debug] [Thread-1 (]: Re-using an available connection from the pool (formerly test.bfsi_dbt.not_null_fact_loans_loan_id.fbdba74499, now test.bfsi_dbt.relationships_fact_loans_dti_band_id__dti_band_id__ref_dim_dti_band_.f6c3bc0c15)
[0m01:27:16.956323 [debug] [Thread-1 (]: Began compiling node test.bfsi_dbt.relationships_fact_loans_dti_band_id__dti_band_id__ref_dim_dti_band_.f6c3bc0c15
[0m01:27:16.961324 [debug] [Thread-1 (]: Writing injected SQL for node "test.bfsi_dbt.relationships_fact_loans_dti_band_id__dti_band_id__ref_dim_dti_band_.f6c3bc0c15"
[0m01:27:16.962323 [debug] [Thread-1 (]: Began executing node test.bfsi_dbt.relationships_fact_loans_dti_band_id__dti_band_id__ref_dim_dti_band_.f6c3bc0c15
[0m01:27:16.964322 [debug] [Thread-1 (]: Writing runtime sql for node "test.bfsi_dbt.relationships_fact_loans_dti_band_id__dti_band_id__ref_dim_dti_band_.f6c3bc0c15"
[0m01:27:16.965323 [debug] [Thread-1 (]: On test.bfsi_dbt.relationships_fact_loans_dti_band_id__dti_band_id__ref_dim_dti_band_.f6c3bc0c15: /* {"app": "dbt", "dbt_version": "1.11.12", "profile_name": "bfsi_dbt", "target_name": "dev", "node_id": "test.bfsi_dbt.relationships_fact_loans_dti_band_id__dti_band_id__ref_dim_dti_band_.f6c3bc0c15"} */

    
    select
      count(*) as failures,
      count(*) != 0 as should_warn,
      count(*) != 0 as should_error
    from (
      
    
  
    
    

with child as (
    select dti_band_id as from_field
    from `bfsi-loan-analytics`.`bfsi_loans`.`fact_loans`
    where dti_band_id is not null
),

parent as (
    select dti_band_id as to_field
    from `bfsi-loan-analytics`.`bfsi_loans`.`dim_dti_band`
)

select
    from_field

from child
left join parent
    on child.from_field = parent.to_field

where parent.to_field is null



  
  
      
    ) dbt_internal_test
[0m01:27:16.965323 [debug] [Thread-1 (]: Opening a new connection, currently in state closed
[0m01:27:17.449283 [info ] [Thread-3 (]: 37 of 45 PASS not_null_fact_loans_loan_outcome ................................. [[32mPASS[0m in 2.55s]
[0m01:27:17.449283 [debug] [Thread-3 (]: Finished running node test.bfsi_dbt.not_null_fact_loans_loan_outcome.5bc3379909
[0m01:27:17.450284 [debug] [Thread-3 (]: Began running node test.bfsi_dbt.relationships_fact_loans_grade_id__grade_id__ref_dim_grade_.9808f2e746
[0m01:27:17.450284 [info ] [Thread-3 (]: 41 of 45 START test relationships_fact_loans_grade_id__grade_id__ref_dim_grade_  [RUN]
[0m01:27:17.451287 [debug] [Thread-3 (]: Re-using an available connection from the pool (formerly test.bfsi_dbt.not_null_fact_loans_loan_outcome.5bc3379909, now test.bfsi_dbt.relationships_fact_loans_grade_id__grade_id__ref_dim_grade_.9808f2e746)
[0m01:27:17.451287 [debug] [Thread-3 (]: Began compiling node test.bfsi_dbt.relationships_fact_loans_grade_id__grade_id__ref_dim_grade_.9808f2e746
[0m01:27:17.455285 [debug] [Thread-3 (]: Writing injected SQL for node "test.bfsi_dbt.relationships_fact_loans_grade_id__grade_id__ref_dim_grade_.9808f2e746"
[0m01:27:17.456285 [debug] [Thread-3 (]: Began executing node test.bfsi_dbt.relationships_fact_loans_grade_id__grade_id__ref_dim_grade_.9808f2e746
[0m01:27:17.459283 [debug] [Thread-3 (]: Writing runtime sql for node "test.bfsi_dbt.relationships_fact_loans_grade_id__grade_id__ref_dim_grade_.9808f2e746"
[0m01:27:17.460284 [debug] [Thread-3 (]: On test.bfsi_dbt.relationships_fact_loans_grade_id__grade_id__ref_dim_grade_.9808f2e746: /* {"app": "dbt", "dbt_version": "1.11.12", "profile_name": "bfsi_dbt", "target_name": "dev", "node_id": "test.bfsi_dbt.relationships_fact_loans_grade_id__grade_id__ref_dim_grade_.9808f2e746"} */

    
    select
      count(*) as failures,
      count(*) != 0 as should_warn,
      count(*) != 0 as should_error
    from (
      
    
  
    
    

with child as (
    select grade_id as from_field
    from `bfsi-loan-analytics`.`bfsi_loans`.`fact_loans`
    where grade_id is not null
),

parent as (
    select grade_id as to_field
    from `bfsi-loan-analytics`.`bfsi_loans`.`dim_grade`
)

select
    from_field

from child
left join parent
    on child.from_field = parent.to_field

where parent.to_field is null



  
  
      
    ) dbt_internal_test
[0m01:27:17.461285 [debug] [Thread-3 (]: Opening a new connection, currently in state closed
[0m01:27:17.687199 [debug] [Thread-2 (]: BigQuery adapter: https://console.cloud.google.com/bigquery?project=bfsi-loan-analytics&j=bq:US:8572e99a-14c9-4b3a-90fd-800f77bb99e8&page=queryresults
[0m01:27:18.015341 [debug] [Thread-4 (]: BigQuery adapter: https://console.cloud.google.com/bigquery?project=bfsi-loan-analytics&j=bq:US:709404b1-9b3e-45e1-967f-851e86756670&page=queryresults
[0m01:27:18.032339 [debug] [Thread-1 (]: BigQuery adapter: https://console.cloud.google.com/bigquery?project=bfsi-loan-analytics&j=bq:US:ab4d272e-63b9-46d9-873b-f6e0cccfff5c&page=queryresults
[0m01:27:18.080852 [debug] [Thread-2 (]: SQL status: OK in 0.393 seconds
[0m01:27:18.452981 [debug] [Thread-3 (]: BigQuery adapter: https://console.cloud.google.com/bigquery?project=bfsi-loan-analytics&j=bq:US:41474af3-0efe-40f5-bd7c-6b869dd56347&page=queryresults
[0m01:27:18.457984 [debug] [Thread-1 (]: SQL status: OK in 0.424 seconds
[0m01:27:18.475369 [debug] [Thread-4 (]: SQL status: OK in 0.459 seconds
[0m01:27:18.980155 [debug] [Thread-3 (]: SQL status: OK in 0.527 seconds
[0m01:27:19.135365 [info ] [Thread-2 (]: 38 of 45 PASS not_null_fact_loans_purpose_id ................................... [[32mPASS[0m in 2.23s]
[0m01:27:19.136354 [debug] [Thread-2 (]: Finished running node test.bfsi_dbt.not_null_fact_loans_purpose_id.94f2995640
[0m01:27:19.136354 [debug] [Thread-2 (]: Began running node test.bfsi_dbt.relationships_fact_loans_income_band_id__income_band_id__ref_dim_income_band_.3347da5957
[0m01:27:19.137348 [info ] [Thread-2 (]: 42 of 45 START test relationships_fact_loans_income_band_id__income_band_id__ref_dim_income_band_  [RUN]
[0m01:27:19.137348 [debug] [Thread-2 (]: Re-using an available connection from the pool (formerly test.bfsi_dbt.not_null_fact_loans_purpose_id.94f2995640, now test.bfsi_dbt.relationships_fact_loans_income_band_id__income_band_id__ref_dim_income_band_.3347da5957)
[0m01:27:19.138341 [debug] [Thread-2 (]: Began compiling node test.bfsi_dbt.relationships_fact_loans_income_band_id__income_band_id__ref_dim_income_band_.3347da5957
[0m01:27:19.142341 [debug] [Thread-2 (]: Writing injected SQL for node "test.bfsi_dbt.relationships_fact_loans_income_band_id__income_band_id__ref_dim_income_band_.3347da5957"
[0m01:27:19.143342 [debug] [Thread-2 (]: Began executing node test.bfsi_dbt.relationships_fact_loans_income_band_id__income_band_id__ref_dim_income_band_.3347da5957
[0m01:27:19.146351 [debug] [Thread-2 (]: Writing runtime sql for node "test.bfsi_dbt.relationships_fact_loans_income_band_id__income_band_id__ref_dim_income_band_.3347da5957"
[0m01:27:19.146351 [debug] [Thread-2 (]: On test.bfsi_dbt.relationships_fact_loans_income_band_id__income_band_id__ref_dim_income_band_.3347da5957: /* {"app": "dbt", "dbt_version": "1.11.12", "profile_name": "bfsi_dbt", "target_name": "dev", "node_id": "test.bfsi_dbt.relationships_fact_loans_income_band_id__income_band_id__ref_dim_income_band_.3347da5957"} */

    
    select
      count(*) as failures,
      count(*) != 0 as should_warn,
      count(*) != 0 as should_error
    from (
      
    
  
    
    

with child as (
    select income_band_id as from_field
    from `bfsi-loan-analytics`.`bfsi_loans`.`fact_loans`
    where income_band_id is not null
),

parent as (
    select income_band_id as to_field
    from `bfsi-loan-analytics`.`bfsi_loans`.`dim_income_band`
)

select
    from_field

from child
left join parent
    on child.from_field = parent.to_field

where parent.to_field is null



  
  
      
    ) dbt_internal_test
[0m01:27:19.147558 [debug] [Thread-2 (]: Opening a new connection, currently in state closed
[0m01:27:19.406259 [info ] [Thread-1 (]: 40 of 45 PASS relationships_fact_loans_dti_band_id__dti_band_id__ref_dim_dti_band_  [[32mPASS[0m in 2.45s]
[0m01:27:19.406259 [debug] [Thread-1 (]: Finished running node test.bfsi_dbt.relationships_fact_loans_dti_band_id__dti_band_id__ref_dim_dti_band_.f6c3bc0c15
[0m01:27:19.407261 [debug] [Thread-1 (]: Began running node test.bfsi_dbt.relationships_fact_loans_purpose_id__purpose_id__ref_dim_purpose_.08dc62b0cb
[0m01:27:19.407261 [info ] [Thread-1 (]: 43 of 45 START test relationships_fact_loans_purpose_id__purpose_id__ref_dim_purpose_  [RUN]
[0m01:27:19.408262 [debug] [Thread-1 (]: Re-using an available connection from the pool (formerly test.bfsi_dbt.relationships_fact_loans_dti_band_id__dti_band_id__ref_dim_dti_band_.f6c3bc0c15, now test.bfsi_dbt.relationships_fact_loans_purpose_id__purpose_id__ref_dim_purpose_.08dc62b0cb)
[0m01:27:19.409259 [debug] [Thread-1 (]: Began compiling node test.bfsi_dbt.relationships_fact_loans_purpose_id__purpose_id__ref_dim_purpose_.08dc62b0cb
[0m01:27:19.413261 [debug] [Thread-1 (]: Writing injected SQL for node "test.bfsi_dbt.relationships_fact_loans_purpose_id__purpose_id__ref_dim_purpose_.08dc62b0cb"
[0m01:27:19.414262 [debug] [Thread-1 (]: Began executing node test.bfsi_dbt.relationships_fact_loans_purpose_id__purpose_id__ref_dim_purpose_.08dc62b0cb
[0m01:27:19.417262 [debug] [Thread-1 (]: Writing runtime sql for node "test.bfsi_dbt.relationships_fact_loans_purpose_id__purpose_id__ref_dim_purpose_.08dc62b0cb"
[0m01:27:19.418262 [debug] [Thread-1 (]: On test.bfsi_dbt.relationships_fact_loans_purpose_id__purpose_id__ref_dim_purpose_.08dc62b0cb: /* {"app": "dbt", "dbt_version": "1.11.12", "profile_name": "bfsi_dbt", "target_name": "dev", "node_id": "test.bfsi_dbt.relationships_fact_loans_purpose_id__purpose_id__ref_dim_purpose_.08dc62b0cb"} */

    
    select
      count(*) as failures,
      count(*) != 0 as should_warn,
      count(*) != 0 as should_error
    from (
      
    
  
    
    

with child as (
    select purpose_id as from_field
    from `bfsi-loan-analytics`.`bfsi_loans`.`fact_loans`
    where purpose_id is not null
),

parent as (
    select purpose_id as to_field
    from `bfsi-loan-analytics`.`bfsi_loans`.`dim_purpose`
)

select
    from_field

from child
left join parent
    on child.from_field = parent.to_field

where parent.to_field is null



  
  
      
    ) dbt_internal_test
[0m01:27:19.419264 [debug] [Thread-1 (]: Opening a new connection, currently in state closed
[0m01:27:19.421262 [info ] [Thread-4 (]: 39 of 45 PASS not_null_fact_loans_risk_tier_id ................................. [[32mPASS[0m in 2.50s]
[0m01:27:19.422262 [debug] [Thread-4 (]: Finished running node test.bfsi_dbt.not_null_fact_loans_risk_tier_id.aa8b86caf7
[0m01:27:19.422262 [debug] [Thread-4 (]: Began running node test.bfsi_dbt.relationships_fact_loans_risk_tier_id__risk_tier_id__ref_dim_risk_tier_.41ecc4ba67
[0m01:27:19.423261 [info ] [Thread-4 (]: 44 of 45 START test relationships_fact_loans_risk_tier_id__risk_tier_id__ref_dim_risk_tier_  [RUN]
[0m01:27:19.424261 [debug] [Thread-4 (]: Re-using an available connection from the pool (formerly test.bfsi_dbt.not_null_fact_loans_risk_tier_id.aa8b86caf7, now test.bfsi_dbt.relationships_fact_loans_risk_tier_id__risk_tier_id__ref_dim_risk_tier_.41ecc4ba67)
[0m01:27:19.424261 [debug] [Thread-4 (]: Began compiling node test.bfsi_dbt.relationships_fact_loans_risk_tier_id__risk_tier_id__ref_dim_risk_tier_.41ecc4ba67
[0m01:27:19.428261 [debug] [Thread-4 (]: Writing injected SQL for node "test.bfsi_dbt.relationships_fact_loans_risk_tier_id__risk_tier_id__ref_dim_risk_tier_.41ecc4ba67"
[0m01:27:19.429263 [debug] [Thread-4 (]: Began executing node test.bfsi_dbt.relationships_fact_loans_risk_tier_id__risk_tier_id__ref_dim_risk_tier_.41ecc4ba67
[0m01:27:19.431266 [debug] [Thread-4 (]: Writing runtime sql for node "test.bfsi_dbt.relationships_fact_loans_risk_tier_id__risk_tier_id__ref_dim_risk_tier_.41ecc4ba67"
[0m01:27:19.432262 [debug] [Thread-4 (]: On test.bfsi_dbt.relationships_fact_loans_risk_tier_id__risk_tier_id__ref_dim_risk_tier_.41ecc4ba67: /* {"app": "dbt", "dbt_version": "1.11.12", "profile_name": "bfsi_dbt", "target_name": "dev", "node_id": "test.bfsi_dbt.relationships_fact_loans_risk_tier_id__risk_tier_id__ref_dim_risk_tier_.41ecc4ba67"} */

    
    select
      count(*) as failures,
      count(*) != 0 as should_warn,
      count(*) != 0 as should_error
    from (
      
    
  
    
    

with child as (
    select risk_tier_id as from_field
    from `bfsi-loan-analytics`.`bfsi_loans`.`fact_loans`
    where risk_tier_id is not null
),

parent as (
    select risk_tier_id as to_field
    from `bfsi-loan-analytics`.`bfsi_loans`.`dim_risk_tier`
)

select
    from_field

from child
left join parent
    on child.from_field = parent.to_field

where parent.to_field is null



  
  
      
    ) dbt_internal_test
[0m01:27:19.432262 [debug] [Thread-4 (]: Opening a new connection, currently in state closed
[0m01:27:19.881132 [info ] [Thread-3 (]: 41 of 45 PASS relationships_fact_loans_grade_id__grade_id__ref_dim_grade_ ...... [[32mPASS[0m in 2.43s]
[0m01:27:19.881132 [debug] [Thread-3 (]: Finished running node test.bfsi_dbt.relationships_fact_loans_grade_id__grade_id__ref_dim_grade_.9808f2e746
[0m01:27:19.881132 [debug] [Thread-3 (]: Began running node test.bfsi_dbt.unique_fact_loans_loan_id.ee368852c4
[0m01:27:19.882130 [info ] [Thread-3 (]: 45 of 45 START test unique_fact_loans_loan_id .................................. [RUN]
[0m01:27:19.883132 [debug] [Thread-3 (]: Re-using an available connection from the pool (formerly test.bfsi_dbt.relationships_fact_loans_grade_id__grade_id__ref_dim_grade_.9808f2e746, now test.bfsi_dbt.unique_fact_loans_loan_id.ee368852c4)
[0m01:27:19.883132 [debug] [Thread-3 (]: Began compiling node test.bfsi_dbt.unique_fact_loans_loan_id.ee368852c4
[0m01:27:19.887132 [debug] [Thread-3 (]: Writing injected SQL for node "test.bfsi_dbt.unique_fact_loans_loan_id.ee368852c4"
[0m01:27:19.887132 [debug] [Thread-3 (]: Began executing node test.bfsi_dbt.unique_fact_loans_loan_id.ee368852c4
[0m01:27:19.889137 [debug] [Thread-3 (]: Writing runtime sql for node "test.bfsi_dbt.unique_fact_loans_loan_id.ee368852c4"
[0m01:27:19.890131 [debug] [Thread-3 (]: On test.bfsi_dbt.unique_fact_loans_loan_id.ee368852c4: /* {"app": "dbt", "dbt_version": "1.11.12", "profile_name": "bfsi_dbt", "target_name": "dev", "node_id": "test.bfsi_dbt.unique_fact_loans_loan_id.ee368852c4"} */

    
    select
      count(*) as failures,
      count(*) != 0 as should_warn,
      count(*) != 0 as should_error
    from (
      
    
  
    
    

with dbt_test__target as (

  select loan_id as unique_field
  from `bfsi-loan-analytics`.`bfsi_loans`.`fact_loans`
  where loan_id is not null

)

select
    unique_field,
    count(*) as n_records

from dbt_test__target
group by unique_field
having count(*) > 1



  
  
      
    ) dbt_internal_test
[0m01:27:19.890131 [debug] [Thread-3 (]: Opening a new connection, currently in state closed
[0m01:27:20.137081 [debug] [Thread-2 (]: BigQuery adapter: https://console.cloud.google.com/bigquery?project=bfsi-loan-analytics&j=bq:US:2c4f6a28-7639-417f-b4f4-7f13d3a3a117&page=queryresults
[0m01:27:20.387988 [debug] [Thread-4 (]: BigQuery adapter: https://console.cloud.google.com/bigquery?project=bfsi-loan-analytics&j=bq:US:94e197f5-46a1-438c-8edf-66b290292c96&page=queryresults
[0m01:27:20.487108 [debug] [Thread-1 (]: BigQuery adapter: https://console.cloud.google.com/bigquery?project=bfsi-loan-analytics&j=bq:US:699469a7-6b7c-4447-beaa-fa1a89b1988b&page=queryresults
[0m01:27:20.552816 [debug] [Thread-2 (]: SQL status: OK in 0.415 seconds
[0m01:27:20.891570 [debug] [Thread-4 (]: SQL status: OK in 0.503 seconds
[0m01:27:20.928989 [debug] [Thread-1 (]: SQL status: OK in 0.441 seconds
[0m01:27:21.097287 [debug] [Thread-3 (]: BigQuery adapter: https://console.cloud.google.com/bigquery?project=bfsi-loan-analytics&j=bq:US:a32a641c-7519-40aa-88e8-4bff1b512c1b&page=queryresults
[0m01:27:21.549924 [debug] [Thread-3 (]: SQL status: OK in 0.452 seconds
[0m01:27:21.578132 [info ] [Thread-2 (]: 42 of 45 PASS relationships_fact_loans_income_band_id__income_band_id__ref_dim_income_band_  [[32mPASS[0m in 2.44s]
[0m01:27:21.579130 [debug] [Thread-2 (]: Finished running node test.bfsi_dbt.relationships_fact_loans_income_band_id__income_band_id__ref_dim_income_band_.3347da5957
[0m01:27:21.774125 [info ] [Thread-1 (]: 43 of 45 PASS relationships_fact_loans_purpose_id__purpose_id__ref_dim_purpose_  [[32mPASS[0m in 2.37s]
[0m01:27:21.775629 [debug] [Thread-1 (]: Finished running node test.bfsi_dbt.relationships_fact_loans_purpose_id__purpose_id__ref_dim_purpose_.08dc62b0cb
[0m01:27:21.798472 [info ] [Thread-4 (]: 44 of 45 PASS relationships_fact_loans_risk_tier_id__risk_tier_id__ref_dim_risk_tier_  [[32mPASS[0m in 2.37s]
[0m01:27:21.798810 [debug] [Thread-4 (]: Finished running node test.bfsi_dbt.relationships_fact_loans_risk_tier_id__risk_tier_id__ref_dim_risk_tier_.41ecc4ba67
[0m01:27:22.545894 [info ] [Thread-3 (]: 45 of 45 PASS unique_fact_loans_loan_id ........................................ [[32mPASS[0m in 2.66s]
[0m01:27:22.545894 [debug] [Thread-3 (]: Finished running node test.bfsi_dbt.unique_fact_loans_loan_id.ee368852c4
[0m01:27:22.547894 [debug] [MainThread]: Opening a new connection, currently in state closed
[0m01:27:22.548896 [debug] [MainThread]: Connection 'master' was properly closed.
[0m01:27:22.548896 [debug] [MainThread]: Connection 'list_bfsi-loan-analytics' was properly closed.
[0m01:27:22.548896 [debug] [MainThread]: Connection 'list_bfsi-loan-analytics' was properly closed.
[0m01:27:22.548896 [debug] [MainThread]: Connection 'list_bfsi-loan-analytics' was properly closed.
[0m01:27:22.549895 [debug] [MainThread]: Connection 'list_bfsi-loan-analytics_bfsi_loans_staging' was properly closed.
[0m01:27:22.549895 [debug] [MainThread]: Connection 'list_bfsi-loan-analytics_bfsi_loans' was properly closed.
[0m01:27:22.549895 [debug] [MainThread]: Connection 'list_bfsi-loan-analytics_bfsi_loans_intermediate' was properly closed.
[0m01:27:22.549895 [debug] [MainThread]: Connection 'test.bfsi_dbt.relationships_fact_loans_purpose_id__purpose_id__ref_dim_purpose_.08dc62b0cb' was properly closed.
[0m01:27:22.549895 [debug] [MainThread]: Connection 'test.bfsi_dbt.unique_fact_loans_loan_id.ee368852c4' was properly closed.
[0m01:27:22.549895 [debug] [MainThread]: Connection 'test.bfsi_dbt.relationships_fact_loans_income_band_id__income_band_id__ref_dim_income_band_.3347da5957' was properly closed.
[0m01:27:22.550893 [debug] [MainThread]: Connection 'test.bfsi_dbt.relationships_fact_loans_risk_tier_id__risk_tier_id__ref_dim_risk_tier_.41ecc4ba67' was properly closed.
[0m01:27:22.550893 [info ] [MainThread]: 
[0m01:27:22.550893 [info ] [MainThread]: Finished running 7 table models, 37 data tests, 1 view model in 0 hours 0 minutes and 46.83 seconds (46.83s).
[0m01:27:22.557894 [debug] [MainThread]: Command end result
[0m01:27:22.588895 [debug] [MainThread]: Wrote artifact WritableManifest to C:\BFSI_Loan_Analytics\dbt\bfsi_dbt\target\manifest.json
[0m01:27:22.592896 [debug] [MainThread]: Wrote artifact SemanticManifest to C:\BFSI_Loan_Analytics\dbt\bfsi_dbt\target\semantic_manifest.json
[0m01:27:22.598895 [debug] [MainThread]: Wrote artifact RunExecutionResult to C:\BFSI_Loan_Analytics\dbt\bfsi_dbt\target\run_results.json
[0m01:27:22.599892 [info ] [MainThread]: 
[0m01:27:22.599892 [info ] [MainThread]: [32mCompleted successfully[0m
[0m01:27:22.599892 [info ] [MainThread]: 
[0m01:27:22.600893 [info ] [MainThread]: Done. PASS=45 WARN=0 ERROR=0 SKIP=0 NO-OP=0 TOTAL=45
[0m01:27:22.600893 [warn ] [MainThread]: [[33mWARNING[0m][DeprecationsSummary]: Deprecated functionality
Summary of encountered deprecations:
- MissingArgumentsPropertyInGenericTestDeprecation: 2 occurrences
To see all deprecation instances instead of just the first occurrence of each,
run command again with the `--show-all-deprecations` flag. You may also need to
run with `--no-partial-parse` as some deprecations are only encountered during
parsing.
[0m01:27:22.601893 [debug] [MainThread]: Command `dbt build` succeeded at 01:27:22.601893 after 49.66 seconds
[0m01:27:22.601893 [debug] [MainThread]: Sending event: {'category': 'dbt', 'action': 'invocation', 'label': 'end', 'context': [<snowplow_tracker.self_describing_json.SelfDescribingJson object at 0x00000253DFFE8DA0>, <snowplow_tracker.self_describing_json.SelfDescribingJson object at 0x00000253DF455AF0>, <snowplow_tracker.self_describing_json.SelfDescribingJson object at 0x00000253DEFFFE30>]}
[0m01:27:22.601893 [debug] [MainThread]: Flushing usage events
[0m01:27:24.360308 [debug] [MainThread]: An error was encountered while trying to flush usage events
